评分,评论日期,评论内容,认同人数
40,2019-09-29,竟然超出预期，竟然陈凯歌最差,7675
50,2019-09-30,第三段那个小男孩太棒了,8457
40,2019-09-29,"《北京你好》最佳。宁浩竟然能把北京奥运会如此盛大的赛事拍得那么接地气，而且笑中带泪。
以一张奥运会门票为线索，巧妙串起2008年另一件事。
表面上是喜剧，内核其实是悲剧，笑着笑着就哭了。
《前夜》次之。当他们以为没有人理他们的时候，结果所有人都尽了绵薄之力，从烟斗到勺子，从铁锤到长命锁，瞬间泪崩。
《夺冠》和《北京你好》类似，都是透过老百姓的视角反映大时代大事件，主角不是伟人，也没有什么轰轰烈烈的壮举，但是最能让人共鸣。
《白昼流星》借助航天探讨贫富差距。
这个年代人类已经能进入太空，也有的人还看不起病、买不起衣服。
扶贫不仅仅在于物质层面，更重要的是对教育和思想的扶贫。
白昼流星不是流星，也不是宇宙飞船，而是那些带领他人前行的人——探索宇宙的宇航员，又或者是让小孩见识到世界广阔的老者。",7477
40,2019-09-30,几个人一起看，前面排名无所谓，最差大家都很一致——白昼流星  因此扣了一星,5542
50,2019-09-30,最喜欢女排那个故事，小演员太可爱了。     优叔一出现感觉过年了。,4311
40,2019-09-28,旗杆上升起的不是一块红布，报纸上登载的不是一个名字，电视外错过了情窦，鸟巢里交换了运气。秒针精确了百年的等待，流星划破了回乡的急迫。女排夺冠终结了我最短的暗恋，核弹爆破公开了你最长的沉默。奥运开幕兑换了我最大的运气，香港回归校准了你最久的思念。每个历史瞬间，都有回忆我们自己记得。,5248
50,2019-09-30,我以前是不怎么感冒献礼片的，这次因为朱一龙的缘故关注了我和我的祖国，才发现我比自己想象中更爱这个国家。这部献礼片的意义，是串联，是纪念，是传承，非常适合全家一起观看。,2630
20,2019-09-30,就像什么呢，就像一个小伙子想对女孩表达爱意，有太多的甜言蜜语可讲，而七个小伙儿一拥而上同时表白，除了“爱爱爱”就听不到别的声音了，慷慨激昂又空洞苍白。,968
30,2019-09-28,徐峥胜出。陈凯歌是作为总导演自告奋勇地拿了最烂的那个本子吗？,7300
40,2019-09-28,谁能想到呢？这可能是国庆档最好看的一部。从片头王菲主题曲开始就被渲染，看之前有主旋律的刻板印象，但当故事从一个个小人物的切口开始讲述后，就会忘掉主旋律的影子，进入这些故事。2个半小时不嫌长，7个故事亲身经历后面4个，喜欢程度按：徐峥的《夺冠》>宁浩的《北京你好》>张一白的《相遇》>管虎的《前夜》>文牧野的《护航》>陈凯歌的《白昼流星》>薛晓璐的《回归》。爬上房顶的求助张罗、陈旧的《青春之歌》、屋顶上的天线超人、一秒也不能等的东方之珠、萨马兰奇送的奥运门票、回乡的人和没能实现的飞行…每一个无名的“我”都是历史书里看不到的，又可爱又鲜活。有笑有泪，原来我们就是这样在历史长河中经历了生活。,2916
40,2019-09-28,宁浩是最好的，葛大爷是完美的。,2997
50,2019-09-30,《我和我的祖国》回归篇真实再现了香港回归的场景，青年演员朱一龙在其中饰演了一名护旗手，当他迈着坚定的步伐走向升旗台时，我好像也到了那个庄严肃穆的现场，那种澎湃激动的心情难以言表。,1608
40,2019-09-30,这才是主旋律电影正确的打开方式啊，没有一味强调家国情怀，几乎都是以普通人，小人物视角去切入，共鸣感和好看程度一下就上来了。戏剧化夸张也都在可接受范围内，不会有“假大空”之感。而且比较难得的是，虽然风格各异，作为故事合集却都维持在了水准之上，最喜欢的是徐峥导演的《夺冠》，明快又充满童趣。,2464
40,2019-09-29,任务型电影拍成这样可以了，难得的大时代下看到一点小人性，徐峥（居然）最佳，宁浩第二，其他正常发挥，凯歌老师…emmmmm儿子特写拍太多了哈,2345
30,2019-09-29,三星都给徐峥这段。基本就是卡萨布兰卡+繁花，唯一缺陷是冬冬长大后怎么就变成了吴京而不是胡歌。宁浩这段分寸全靠葛优掌控。管虎这是被罚再拍一次旗帜么？张一白浪费了好题材，本可以是柳云龙风筝蒙冤硬挺情节，但演员没有驾驭好，给弄成了话剧。文牧野最大亮点是雷佳音的荤段子。陈凯歌就又是虚头巴脑的玩意。薛晓璐零蛋。,3077
50,2019-09-30,这样的电影注定是要带着餐巾纸去的，真的后悔自己是一个00后，感觉大事发生的时候要么自己还不在，要么就是太小了，心境不成熟。还好在我即将步入成年后，能看到这样一部电影，他深深地教会了我，永远与祖国荣辱同在，远比教科书更加深刻而有力的教法，让我急切的期待着有一天能对前辈说:幸不辱命!,1243
50,2019-09-30,可以和这么多人一起为祖国母亲庆生，真的很感动啊！我和我的祖国，一刻也不能分割。我是个很理智的人，但看到祖国70年前进途中那么多勇闯难关，那么多无所畏惧！我为我的祖国骄傲！,1053
40,2019-09-30, 香港离开我们祖国母亲154年了，1997年7月1日是香港重新回到我们祖国的日子，也是我们不会忘记的一个日子。这次在建国70周年献礼片《我和我的祖国》电影里就有这个珍贵的《回归》时刻。当0时0分0秒国歌响起的那一刻，杜江饰演的仪仗队升旗手立刻升起国旗，而朱一龙饰演的海军士兵敬起军礼。他们用虔诚和肃穆的表情看着五星红旗冉冉升起，那一刻，多少香港同胞和我们共同热泪盈眶地等着这个重要的瞬间，那一刻，香港真正地回到了祖国母亲的怀抱。,1780
30,2019-09-28,"管虎，5.5分，败笔很多，用倒计时的字幕和黄渤的大量旁白解说加剧了匆忙叙事的流水账感，这个短片还用了最多的明星客串，分散焦点，增加琐碎感。
张一白，6.5分，故事太简单，完全是靠任素汐的大段独白撑着，任的演技可谓信手拈来。
徐峥，7.5分，七部中的最佳，最生活气息，最显时代感，最轻松愉快。唯一值得商榷的是寻常弄堂里怎么会抛出那么大一面国旗。
薛晓路，7分，“一秒都不能少”这个点切得特别好，唯一的不足是任达华的角色设定太刻意，他的那条线也很牵强。
宁浩，5分，用“奥运”这个命题作文生造的“一件小事”，葛大爷再能演再可乐也遮不住这个故事的空洞。
陈凯歌，4.5分，把一大一小毫无关联的两件事硬凑到了一起，符合陈一贯的不着调风格。唯一值得夸的是它把故事放在了边陲。
文牧野，7分，年轻导演拍出了锐气。",2597
50,2019-09-30,《我和我的祖国》“回归”这个一秒也不差的真实的故事，我以前好像从未听过。看到0点钟声准时敲响，护旗手肃手敬礼，我瞬间几乎要流下泪来。,859
50,2019-09-30,"气势恢弘，震撼人心！很多画面直接哭成狗！不说了，二刷走起！
",774
50,2019-09-28,爱国不是什么难的事情，爱国只是和自己的国家所经历的一切产生共情而已。,598
30,2019-09-29,功绩和成就需要被歌颂，主旋律电影存在的合理性也从未被质疑过，与此同时如果能一并回头看看那些被遗忘的和没被正视过的苦痛，或许才是真正的进步。电影本身能看（三部之中），毕竟最好的资源都给到位了，作为献礼片难免会让人联想到2009年的那部，十年过去，跟涨了十倍的票房相比，中国电影在其它方面做出的努力和觉悟实在太缓慢太微不足道了。,458
50,2019-09-30,《我和我的祖国》汇集7位著名的导演，集合国内最优秀的演员，从“前夜”开始，经历“相遇”，看女排“夺冠”，了解香港“回归”祖国怀抱的一秒也不差。与奥运说一声“北京你好”，再观“白昼流星”与“护航”。我心潮澎拜，自豪油然而生，愿祖国永远繁荣昌盛。,782
40,2019-09-29,任务型电影拍成这样可以了，难得的大时代下看到一点小人性，徐峥（居然）最佳，宁浩第二，其他正常发挥，凯歌老师…emmmmm儿子特写拍太多了哈,2345
40,2019-09-30, 香港离开我们祖国母亲154年了，1997年7月1日是香港重新回到我们祖国的日子，也是我们不会忘记的一个日子。这次在建国70周年献礼片《我和我的祖国》电影里就有这个珍贵的《回归》时刻。当0时0分0秒国歌响起的那一刻，杜江饰演的仪仗队升旗手立刻升起国旗，而朱一龙饰演的海军士兵敬起军礼。他们用虔诚和肃穆的表情看着五星红旗冉冉升起，那一刻，多少香港同胞和我们共同热泪盈眶地等着这个重要的瞬间，那一刻，香港真正地回到了祖国母亲的怀抱。,1780
50,2019-09-30,《北京你好》很逗，《回归》很真实，《护航》很燃，《相遇》催泪，《夺冠》诙谐，《前夜》珍贵，《白昼流星》点燃希望。新中国成立70年了，用7个故事来致敬历史展望未来，喜欢。,694
50,2019-09-30,为祖国这七十年热泪盈眶，前辈不易，吾当自强！,672
30,2019-09-28,"How to abandon your personal life for your c*untry, 七个故事里张一白拍的那个果然是最可怕的",365
50,2019-09-30,七个故事，好像七个梦，七个新中国的炎黄子孙共同的梦。一代一代的中国人，用华夏儿女的顽强和坚守，把这些梦一个一个实现！电影真的太感人了！！我为自己是中国人由衷感到自豪！,615
40,2019-09-28,《我和我的祖国》由七位导演各执一环、按年代事件串接，虽风格各异但共成一色，十分特别。与前几个故事或昂扬或细腻或幽默不同，由陈凯歌执导、第六个亮相的《白昼流星》则大气、温暖。“李叔”于荒漠戈壁的坚守，沃德乐兄弟的迷途知返，都在陈凯歌娴熟老练的转切对接、铺垫推进中，化作沁心的感动。而故事的暖又与雄浑壮美的画面相映衬，佐证了陈凯歌的把控功力。,1055
30,2019-09-30,最喜欢黄渤那部分以及女空军飞行员那里…最烂的就是白昼流星那部分。陈飞宇演的真的很烂，还给他那张没有故事的脸特写…剧情也很老了…神州十一号降落点他们居然能进去…逻辑好死……,491
comment-time,2019-09-30,"个人认为管虎这次命题作文无疑是学习委员级别的，起带头作用，调度高运镜好切入点优秀情绪也饱满收尾还做了细节处理。张一白像语文课代表，由大入小，家国情怀糅合了男女纯情，如果从书面上看一定是极具辞藻特色的。公交车里任素汐那段讲述配上张译层层递进的眼神在我看来蛮不错，不觉得任素汐讲的空洞。徐峥仿佛是体育委员第一次参与考试，专挑自己拿手的。从乒乓球到排球，从上房顶到穿街巷，动词一个不落的跃然纸上，充满了活力。不过临了差点写跑题，好在给圆回来了，就是有点儿太着急交卷。宁浩应该是坐在教室后排不怎么听讲但有天赋到让老师又爱又恨的学生，经常出奇制胜，只要灵光乍现就会一气呵成。比如他想到了这次的主人公是葛优，于是麻利儿搞完放学。
这是我心里对前四名的感受，后三名不点评了，原先都当过三好，大概本轮发挥失常。",426
30,2019-09-28,电影其实讲的就是：为了你的祖国，你可以牺牲多少？从这个角度，当然是越软的我越喜欢，比如很多人说最烂的陈凯歌那支，因为是爱国浓度最低的，我就还挺喜欢的。基本按这个观感排序就是：宁浩＞陈凯歌＞文牧野＞徐峥＞管虎＞张一白＞薛晓路。,395
40,2019-09-28,我永远喜欢冬冬！,712
40,2019-09-30,排名分先后：宁浩 张一白 徐峥 管虎 文牧野 薛晓路 陈凯歌,522
40,2019-09-29,1.主旋律也可以很好看，热血燃情的全民记忆，薪火相传的主创阵容，无愧国庆档第一献礼大片。2.将七个宏大历史瞬间与小人物们的喜怒哀乐紧密联结，着实更能触发国人的共情。3.影片中有太多印象至深的时刻，如“夺冠”将童年故事融合女排精神，是极具代入感的回忆杀；如“北京你好”将奥运会和汶川地震巧妙交织，同样很有力量；再如“白昼流星”是陈凯歌最拿手的从命运洪荒中挖掘人物的闪光点，不仅仅是呈现过往，更在于展望未来。,512
comment-time,2019-09-30,宁浩>管虎>徐峥>张一白>陈凯歌>文牧野>薛晓路,151
40,2019-09-30,陈凯歌的部分是个败笔,522
30,2019-09-30,"部分与部分之间的衔接不太好。
配乐是谁你出来，不管哪一part音乐都很硬很尴尬
北京你好 本北京人很惊喜
回归 护航 白昼流星 及格以下",243
40,2019-09-28,《我和我的祖国》由七位导演各执一环、按年代事件串接，虽风格各异但共成一色，十分特别。与前几个故事或昂扬或细腻或幽默不同，由陈凯歌执导、第六个亮相的《白昼流星》则大气、温暖。“李叔”于荒漠戈壁的坚守，沃德乐兄弟的迷途知返，都在陈凯歌娴熟老练的转切对接、铺垫推进中，化作沁心的感动。而故事的暖又与雄浑壮美的画面相映衬，佐证了陈凯歌的把控功力。,1055
40,2019-09-28,我永远喜欢冬冬！,712
comment-time,2019-09-28,让海潮伴我来保佑你 请别忘记我 永远不变 黄色的脸,207
50,2019-09-30,"妈！！！！！！！！！！
生日快乐！！！！！！！！",346
30,2019-09-25,每位创作者选取的历史横截面不同，选取的角度也不同，但是每位导演都带有明显的个人风格，包括自己熟悉的类型领域，甚至个人的成长经历。之前也看过全剧本，每一组编剧的写法也有不同的特点。个人喜欢管虎、徐峥、凯歌拍的。《前夜》属于命题作文的优秀答卷。国旗、国歌的电影之前都拍过，这次拍升旗装置就是聚焦历史大事件里小人物的瞬间，结尾用伪纪录片的方式特别好。《夺冠》将要“革命任务”还是要“儿女情长”，浓缩成一个男孩的两难处境，沪语话和全民爱体育深得《大李老李和小李》真传。《白昼流星》难度最大，很多人不喜欢是因为剧本是把航天和扶贫整合到一起，有点强扭。但我喜欢凯歌和壮壮这种第五代对于土地人的记忆，有格局和浪漫情怀，而后把精准扶贫上升到一种精神上的“站起来”，“白昼流星”也由传说中的意象变成心中的符号,143
40,2019-09-30,排名分先后：宁浩 张一白 徐峥 管虎 文牧野 薛晓路 陈凯歌,522
40,2019-09-29,1.主旋律也可以很好看，热血燃情的全民记忆，薪火相传的主创阵容，无愧国庆档第一献礼大片。2.将七个宏大历史瞬间与小人物们的喜怒哀乐紧密联结，着实更能触发国人的共情。3.影片中有太多印象至深的时刻，如“夺冠”将童年故事融合女排精神，是极具代入感的回忆杀；如“北京你好”将奥运会和汶川地震巧妙交织，同样很有力量；再如“白昼流星”是陈凯歌最拿手的从命运洪荒中挖掘人物的闪光点，不仅仅是呈现过往，更在于展望未来。,512
40,2019-09-30,陈凯歌的部分是个败笔,522
comment-time,2019-09-30,好就好在，是名副其实的“我和我的祖国”，而不仅仅是“我爱我的祖国”。,165
50,2019-09-30,看了电影，我只能说，厉害了，我的国！我很自豪和骄傲，真的！,531
50,2019-09-30,这样的爱国教育我接受,280
50,2019-09-30,一部好的电影、好的作品总是能激起观众对真善美的追求和认同，就像这部集结了中国电影梦之队的献礼片，从小人物的角度见证大中国的变迁，每一个故事都催人热泪，爱国的情怀真的是根植在每个华夏儿女的血脉深处，试问哪一个中国人又不是“此生无悔入华夏，来世还在中华家。”！,491
40,2019-09-30,与其说是献礼的命题作文，不如看成一场难得的“华山论剑”，七位导演各展绝技讲述国家发展历程中小人物的故事，很接地气，由于擅长的领域和创作风格不同，最后呈现出的效果也不尽相同，但这种以小见大的思路是对的。个人最喜欢宁浩的故事，还是一如既往的黑色幽默，将一个看上去有些“贫”的故事讲的妙趣横生，展现出了很强的掌控力，而且并没有过分煽情。这和葛大爷传神的演技有关，也和扎实的剧本有关。其他几位导演发挥的也比较平稳，整体来说算是为献礼片开拓了一条新的道路。,421
30,2019-09-30,一半一半吧，宁浩和葛优部分剧情好，全员在线，最差的陈凯歌part,195
30,2019-09-30,我爱我的祖国，但我不爱这部电影。,153
50,2019-09-30,本以为拼盘电影没什么看头，没想到却是个非常成功的献礼片，无数次泪目，惠英红太帅了，葛优的表现一如既往地稳，昊然弟弟演出了浑然天成的痞，特别突破,283
40,2019-09-30,"每个故事都采取了平民化的个体视角，对70年的7个“核心现场”进行了有趣的拆解，比预期出彩。
《夺冠》：徐峥竟然拿小孩的“怦然心动”拍“女排夺冠”，太浪漫了。上海石库门的背景环境，风格可参考上世纪的沪语喜剧。
《相遇》：一场身不在场的“原子弹爆炸”、充满悲情的死生契阔。在人潮中被冲散的对视是点睛之笔。
《北京你好》：“奥运奇遇记”，葛优一口京片子把这个失落的中年男人演活了，宁浩喜剧的正常发挥。
《护航》：文牧野在情感处理上很细腻，借由阅兵来不断打捞女飞行员成长的心路历程。
《前夜》《回归》：都是关于典礼背后刺激的争分夺秒，演员群戏突出。
《白昼流星》：将“新农村扶贫”和“航天航空事业”两件事糅在一起，构成互为牵引的关系。",321
50,2019-09-28,"爱国，是人世间最深层、最持久的情感，它流淌在我们的血脉里，扎根于我们的思想深处。
此番中国电影梦之队，集结优秀一线导演和演员，用最真挚的情感、最炽热的激情，最动情的诉说以及最专业的制作集体向新中国成立70周年献礼，致敬伟大祖国。
他们用七个故事，将自己对祖国的理解和情感融入电影中，最终为我们呈现了一部有温度、有细节，同时具有历史厚度的电影。",453
50,2019-09-30,点映当天就赶紧去看了，整部影片看完，我印象最深的是《回归》，可能是因为最近香港的事情让我很有感触。有位关系不错的香港朋友跟我说过，97年的时候，绝大部分香港人真心觉得自己是“回家了”，爱家爱国是基本的自尊。《回归》关于国家尊严和个人荣辱的诠释相当深刻，亲历者的视角令人动容！,471
50,2019-09-30,"正好有点映就去看了。我和我的祖国，这才是献礼片的正确打开方式。
黄渤和葛优真的封神了。完全操控了观影者的情绪，和导演编剧水乳交融。
任素汐被捧过头了，完全没接住张译的戏，故事是好故事，张译演的也很绝，可演员不是独角戏，张译抛出的包袱任素汐没接住，后面自己的solo还好，可是和张译的互动没能驾驭住这个剧本，是本片最可惜的一个part。
女排篇的小演员，很绝，从今年年初的倚天屠龙记小张无忌我就有关注，超出这个年纪的情感丰沛，有种浑然天成的璞玉的感觉，应该还没受过过多的演技训练，希望好好的踏实走下去，这种天赋型选手让人珍惜
如果说小演员是天赋选手，刘昊然和陈飞宇就是任重道远，高手过招方知，刘昊然演戏总带着强烈的个人色彩，这不算好事，陈飞宇反而更出彩，但他们都年轻，可陈凯歌不年轻了，这就有点sad了",226
50,2019-09-30,点映当天就赶紧去看了，整部影片看完，我印象最深的是《回归》，可能是因为最近香港的事情让我很有感触。有位关系不错的香港朋友跟我说过，97年的时候，绝大部分香港人真心觉得自己是“回家了”，爱家爱国是基本的自尊。《回归》关于国家尊严和个人荣辱的诠释相当深刻，亲历者的视角令人动容！,471
30,2019-09-25,每位创作者选取的历史横截面不同，选取的角度也不同，但是每位导演都带有明显的个人风格，包括自己熟悉的类型领域，甚至个人的成长经历。之前也看过全剧本，每一组编剧的写法也有不同的特点。个人喜欢管虎、徐峥、凯歌拍的。《前夜》属于命题作文的优秀答卷。国旗、国歌的电影之前都拍过，这次拍升旗装置就是聚焦历史大事件里小人物的瞬间，结尾用伪纪录片的方式特别好。《夺冠》将要“革命任务”还是要“儿女情长”，浓缩成一个男孩的两难处境，沪语话和全民爱体育深得《大李老李和小李》真传。《白昼流星》难度最大，很多人不喜欢是因为剧本是把航天和扶贫整合到一起，有点强扭。但我喜欢凯歌和壮壮这种第五代对于土地人的记忆，有格局和浪漫情怀，而后把精准扶贫上升到一种精神上的“站起来”，“白昼流星”也由传说中的意象变成心中的符号,143
40,2019-09-28,从电影的角度来讲，是国庆档三部作品中最值得看的一部，事实证明导演本身成熟与否才是最硬指标。7个故事节选了七个重要时间节点，但却将镜头置于历史时刻背后，关注那些在大时代背景下的小人物，给出了更强有力的情感力量。单独节选的话，宁浩葛优的无疑是最好的一部，除此之外，文牧野和管虎的那两部也都是可以打到8分以上的，尤其是文牧野，在其他6位“老炮儿”的夹击下顶住压轴的压力，在短短十几分钟里塞入了多个主题，完成度堪称最高。,190
comment-time,2019-09-30,好就好在，是名副其实的“我和我的祖国”，而不仅仅是“我爱我的祖国”。,165
30,2019-09-30,一半一半吧，宁浩和葛优部分剧情好，全员在线，最差的陈凯歌part,195
50,2019-09-30,"正好有点映就去看了。我和我的祖国，这才是献礼片的正确打开方式。
黄渤和葛优真的封神了。完全操控了观影者的情绪，和导演编剧水乳交融。
任素汐被捧过头了，完全没接住张译的戏，故事是好故事，张译演的也很绝，可演员不是独角戏，张译抛出的包袱任素汐没接住，后面自己的solo还好，可是和张译的互动没能驾驭住这个剧本，是本片最可惜的一个part。
女排篇的小演员，很绝，从今年年初的倚天屠龙记小张无忌我就有关注，超出这个年纪的情感丰沛，有种浑然天成的璞玉的感觉，应该还没受过过多的演技训练，希望好好的踏实走下去，这种天赋型选手让人珍惜
如果说小演员是天赋选手，刘昊然和陈飞宇就是任重道远，高手过招方知，刘昊然演戏总带着强烈的个人色彩，这不算好事，陈飞宇反而更出彩，但他们都年轻，可陈凯歌不年轻了，这就有点sad了",226
50,2019-09-30,“让海风吹拂了五千年，每一滴泪珠仿佛都说出你的尊严。让海潮伴我来保佑你，请别忘记我永远不变黄色的脸”。海风和海潮，吹不走挥不去得是炎黄子孙的根，致敬香港回归祖国22周年。香港和祖国一刻也不能分离。,443
30,2019-09-30,我爱我的祖国，但我不爱这部电影。,153
30,2019-10-07,7分，这种集锦片很难评分，因为质量各有差异。相比之下，宁浩的《北京你好》和徐峥的《夺冠》都更喜欢，宁浩与葛优的合作，终于让葛优回到了自己最舒适的领域，整体表演很放松，也很希望宁浩与葛优之后会有长片合作啊。徐峥的部分主要是有趣，很市井，也很有回忆的味道，小朋友的情感又有其独特的趣味，其中又涉及个人与集体的选择。管虎的部分也很厉害，导演手法很娴熟。陈凯歌的部分野心很大，只不过选择的两个演员，还是不太符合角色设定，太不像穷人家孩子了。薛晓路的部分问题最大，剧作和导演能力都不好，甚至也不太符合小人物这个预设。,62
40,2019-09-30,拍得还行，演技还是葛优最生动，故事喜欢徐峥导的中国女排，至于陈凯歌那个太尬了，为什么这时候了还加个人物成长，内心转变，献礼片是让人思考的吗？这一思考前期所有情感铺垫都抽空了，我还是期待陈可辛的《中国女排》吧,239
50,2019-09-30,因为一个演员，关注了《我和我的祖国》。28号点映我走入影院，观影时被电影的每个片段吸引，我深深的为自己是一个中国人而感到骄傲和自豪。祝祖国繁荣昌盛，我爱你，我的祖国！,434
40,2019-09-29,好看，在如此命题下，几位导演不敢糊弄，必须认真。把宏大的主题，化繁为简，把历史事件和时代气息融入小人物的一举一动。风格不同，故事主题高度统一，也兼顾题材和叙事的差异化，总导演陈凯歌和制片人黄建新还是有一套的，好似“大珠小珠落玉盘”：管虎是动作大片，张一白是爱情小品，徐铮是鬼马喜剧，薛晓路是群像抒情，宁浩是典型宁式喜剧，陈凯歌是散文诗，文牧野是行业剧。个人最喜欢宁浩、管虎、陈凯歌、徐峥，而且大家在一起，能力高低也是一目了然。PS，一定要提前上厕所,147
40,2019-09-29,70周年，7个导演，7个故事，加上一首一听就会让几乎每一个中国人都热泪盈眶的歌，注定会是一部爆款。虽是命题作文，但每个导演都拍出了个人风格。管虎的《前夜》最工整最大气，张一白的《相遇》最深情最细腻，徐峥的《夺冠》最松驰最鬼马，宁浩的《北京你好》最诙谐最出人意料，文牧野的《护航》再次展露他在类型叙事上的強大功力，陈凯歌的《白昼流星》最具文人气质也最飘逸，薛晓路的《回归》处理方式也颇有巧思。最后，片尾字幕大合唱《我和我的祖国》的画面，再一次泪流满面，这部电影实在太太太太太好哭了。,163
30,2019-10-01,陈凯歌捧儿子捧过了，最尬的故事，三星给开国和女排,150
30,2019-09-30,十年前是大业当头资本拦路，十年后大家拼了命要在宏大叙事中塞进去个体血泪，这不是主子仁慈通达，而是社会进步倒逼。前两个故事好，好在一个人民共和国的真实情感，徐峥明亮宁浩通达，文牧野浓眉大眼的只会看姑娘。anyway，经此一役，陈凯歌是烂片王应该没有异议了吧？,98
50,2019-09-27,最爱《前夜》《北京你好》，太好哭了。任素汐一哭我总要跟着哭，没一次跑得了。总觉得前面太精彩了，导致后面感觉不够给力，如果是按倒序来，可能是就越来越精彩。《白昼流星》觉得陈飞宇的演技还是被好好教导过了的，蒜和饺子一口吞下，自然流畅，所以这部分不好看，真的是陈凯歌的锅啊！白瞎我昊然弟弟了！,214
30,2019-09-28,张一白那段本来能拍得很棒，但叙事完全依靠对话太僵了，觉得最差的是薛晓路那段，想面面俱到但哪方面也没顾到。管虎、徐峥、宁浩三段最好。,111
50,2019-09-30,"70周年，为阿中哥哥庆生
最近各地都在给祖国庆生，去看了电影，更加的感受到了国庆的氛围，当国歌响起国旗升起时，热血沸腾，泪有点不受控制了。
为中国骄傲自豪！",259
50,2019-09-30,真的看哭了好多次，我们都是小人物，但我们生活在大时代中，我们见证着经历着也创造着这个国家的历史。我为新中国骄傲，自豪！电影值得N刷！,382
50,2019-09-28,徐峥真是讲故事的天才，管虎的视觉和氛围感绝了,178
50,2019-09-30,之前看到评论说七包纸巾觉得也太夸张了，没想到自己从片头曲响起就开始落泪。算起来七个故事也算亲历了五个，但有的年纪太小没有细节记忆了，有的时过境迁以为渐渐淡忘了。但在这样一部笑泪齐飞的主旋律电影中，导演和演员们，却将每个人心底最朴素的爱国情怀勾起。以时间为节点推演这个国家走过的历程，以你我这样芸芸众生的视角体验祖国的日益强大和飞速发展，最终也许只剩下一句话：此生不悔入种花～,377
40,2019-09-30,喜欢《北京你好》《白昼流星》《夺冠》,142
30,2019-09-28,张一白那段本来能拍得很棒，但叙事完全依靠对话太僵了，觉得最差的是薛晓路那段，想面面俱到但哪方面也没顾到。管虎、徐峥、宁浩三段最好。,111
50,2019-09-30,“让海风吹拂了五千年，每一滴泪珠仿佛都说出你的尊严”，当这首《东方之珠》响起，荧幕里的朱一龙微红着双眼，肃穆而坚定地敬着军礼，我再也按捺不住激动的泪水。,357
30,2019-09-28,最棒的是所有故事都选择了小人物的视角，情感上面更能共通。项目整体的难度很大，风格难以统一，相互之前更是难以串联。更加现实的是，七个故事摆放在一起。参差感就有了。但情感都是一个情感，激动人心罢了。,100
40,2019-09-28,"《北京你好》特别宁浩。这个短片我很喜欢，有生活感，有北京味儿，葛优这个出租司机的角色，把“我和我的祖国”里的“我”刻画得最平实自然。
",150
50,2019-09-30,七个导演风格各异，陈凯歌擅长把控画面，宁浩擅长刻画细节，薛晓路女导演，掌控情绪是一绝。惠英红的“一秒都不可以错”是一个泪点，很细腻。,300
50,2019-09-30,普通观众，不太喜欢 护航 和 白昼流星，其他都还行。尤其白昼流星，后半段莫名其妙。,150
40,2019-10-01,葛大爷不愧是葛大爷,152
40,2019-09-30,我和我的祖国，七个故事，各有千秋，宁浩很灵，徐峥最有趣，陈凯歌最大气电影感最强，可惜拿了个最不好的本子，葛大爷最稳，他有一种往镜头前一站，就代表了故事本身的气质，那种把任何故事娓娓道来的功力真的牛，自然而不落俗什么人物都能演。,122
50,2019-09-30,一共7个故事，每个20分钟左右，节奏比较紧凑！最喜欢《前夜》和《回归》，前夜当无数群众都来送自己家的东西的时候真的很触动！回归中音乐响起“让海风吹拂了五千年，每一滴泪珠仿佛都说出你的尊严”，真的眼泪都快出来了，白色海军装的小哥哥说他也缺个媳妇的时候笑死我了，长的挺帅，咋说话就那么土呢！原子弹爆炸成功这个觉得有点平淡！中国女排那个就真的很真实，我们小时候真的就是很多人一起看电视，很多童年记忆的电视都是这样看的，小演员演的很好！葛大爷一如既往幽默！陈飞宇和刘昊然真的太土了！最后是中二少女成长成一名优秀的空军飞行员！,191
50,2019-09-30,虽然是献礼影片，但是却非常有新意。它汇聚了中国电影梦之队最棒的导演和演员们，一起庆祝新中国成立70周年，本身就很有看点。而影片取材的七个重大的历史事件，巧妙地新颖地结合了小人物的视角，无论你年龄大小，或多或少你都和影片中的小人物一样，经历过这些意义非凡的时刻。祖国今天的繁荣昌盛，我们都是她的见证者，甚至是缔造者。看完就觉得特别感动和激动。会继续努力，为祖国的繁荣富强贡献自己的微薄的力量！,327
50,2019-09-30,"没想到香港回归的故事背后，还有这些曲折历程，真是太不容易了。这几个月的亲历，让我的归属感更强烈了，祝福祖国，为了更好的明天加油！
",313
40,2019-09-30,上映前真的很期待，因为陈凯歌，因为王菲，因为预告片。看预告时就最喜欢陈凯歌的白昼流星，其次再是宁浩的北京奥运、张一白的相遇、薛晓路的回归、徐峥的夺冠，但没想到相遇拍的稀巴烂，可惜了张译的演技。回归和夺冠也只是让我感动于真实发生的那个事件，如果没有真实事件的依托，和原历史视频的插入，可能我真的要愤然离席了。剩下的前夜，我在看预告的时候就觉得不行，而护航我看完觉得没啥共鸣。所以我觉得不错的只有北京奥运和白昼流星了，这两部我觉得是完全可以单独拍一整部的，我个人也更喜欢白昼流星，因为这名字真的太好听了，而且两位青年演员也演得很不错，但这样的故事加入爱国主旋律就稍有些奇怪，如果能单拎出来拍，我希望白昼流星会是一个有着浓郁边疆文化的民族故事。,114
40,2019-09-30,七位导演都在线 每一部各有千秋 但是能不能多花点心在每个片之间的衔接 太突兀太尴尬 最打动的故事是不包括结尾的夺冠,117
40,2019-09-30,时代和国家好大，我们好小。,109
50,2019-09-30,"这七个高光时刻，记录的正是这个国家是怎样一步一步，从弱到强，从苦难走向了辉煌。
电影中记录了很多的父辈，很多的小人物。却正是千千万万个这样的小人物，推进了这个国家不停歇的发展，把这样美好的现在，交到了我们手中。
而现在，到我们了。
这一代年轻人是什么样子的，祖国的未来就是什么样子的。
一起加油吧，希望下一个高光时刻，我们不仅是见证者，更是参与者。",187
50,2019-09-30,为70亿票房做贡献！,120
50,2019-09-30,在回归故事中，仪仗队的旗手迈着铿锵有力整齐无比的步伐走到了升旗台前。看着这三个英姿飒爽的军人，将五星红旗准点升起，我太骄傲和自豪了！,319
20,2019-09-30,就像什么呢，就像一个小伙子想对女孩表达爱意，有太多的甜言蜜语可讲，而七个小伙儿一拥而上同时表白，除了“爱爱爱”就听不到别的声音了，慷慨激昂又空洞苍白。,968
20,2019-10-02,如果建国史是一个成年人的话，他是具有深度遗忘症的人，只有童年和中年的记忆，不反思、不回忆。他的回忆方程式是中年的成功全源自童年记忆。参与国史写作的人是被挑选的，真正的人民都是煽情故事的背景板。中国导演对戏剧是不是有误解，他们的三板斧：1.煽情、最后一分钟营救，感动是第一要务。 2.人物成年的努力一定来自童年。3.高昂的歌曲必定是奏响，人多力量大。 陈凯歌导演写作文连逻辑都不要了。,50
40,2019-09-30,看的热血沸腾的！主旋律的片越来越好看了！,95
50,2019-09-30,主旋律电影煽情绝对优秀，七个部分连在一起没有违和就像时间串起来的一个历史的见证，除了白昼流星感觉故事不是很圆满，其他的都是故事背后无数的人民和成就，好看👍,110
50,2019-09-25,我们中国，真的太不容易了！！！,87
40,2019-09-30,听着国歌声，看到五星红旗迎风飘扬，看到白色军装的护旗手庄严地敬礼，我内心的激动无法言表。,282
10,2019-10-01,命题作文……糊弄谁呢,43
50,2019-09-30,属于中国的，寸土不让；属于中国的，分秒必争！——《回归》,284
comment-time,2019-09-28,短片集最残酷的点是，主创能力高下立现。谁会讲故事、谁运镜讲究、谁审美怎么样，哪个演员啥都能演、哪个演员天生讨喜，太一目了然了……,58
10,2019-09-28,形式大于内容，口号高于行动，在现在这个时代，咱也不敢讲，我也不敢说，唯一欣慰的就是影片结束本场观众没有一个人站起来鼓掌，跟着全场大合唱吧。,66
20,2019-09-28,导演用力过度,52
40,2019-09-30,最喜欢《白昼流星》，荒漠草原，少年骑马，落日老人，意境太好；'远古野人'穿越到未来科幻，主旋律拍出了魔幻现实感。《夺冠》最生动有趣，《回归》结尾音乐非常动人，《相遇》有些单薄尴尬，某些地方又挺感人，《前夜》《北京你好》主演特色太鲜明突出，无法入戏，《护航》略无聊。片尾曲拯救一切。,52
40,2019-09-28,陈凯歌真的不会讲故事，白昼流星一看就是上个世界的故事，载人航天的外壳套着精准扶贫的里子，尴尬又假大空；张一白稳定发挥，贡献了第二个尴尬又无聊的片段；意外的夺冠很不错（去掉战狼片段），女排大背景下的追寻爱情的冬冬，喜欢；回归最有质感；葛大爷定海神针，宁浩稳定发挥；黄渤宋佳两段一般般，最后韩东君太特么帅了！邪魅一笑的正确打开方式。,88
comment-time,2019-09-30,张译的那段表演 值了我的两个半小时和票钱 教科书式的反面瘫演技 我不知道怎么夸他了 他真的好帅啊啊啊,85
40,2019-10-10,7个故事《前夜》《相遇》《夺冠》《回归》《北京你好》《白昼流星》《护航》以7个小人物独特的历史背景视角串联起送给祖国70年庆生的电影。其中《前夜》《相遇》《北京你好》这三个拍得特别好，最让人失望就是《回归》对于一个广东人来讲，香港97回归小人物故事太多了，薛晓路是否真的明白香港回归的情感，还有回归仪式的争分夺秒拍得相当平庸，看不出任达华作为广东佛山人回归祖国有多自豪。《白昼流星》的知青扶贫，少数民族和神舟十一号回归 之间的联系感觉特别生硬，文牧野的《护航》作为收编的最后一个故事感觉意图含糊定位不明。管虎把主旋律电影拍得红通红透的，完美诠释了“人民的选择”《相遇》无名英雄们的默默无闻构建一个美好的祖国蓝图。78分，最有艺术感的主旋律电影，最重要的是“小人物”的我们见证了整个历史伟大的进程。,0
40,2019-10-01,7.5分。夺冠8.5分>北京你好8分>相遇7.5分>前夜7分>护航6.5分>回归4分>白昼流星0分。,71
50,2019-09-30,为题材打了五星，很多情节真的感人。不过七个里面难道不是陈导的最……尬？,62
40,2019-09-28,七个故事，一个个来。《前夜》：黄渤、王千源演得好，朴素的万众一心是那个时代的特征之一，最后黄渤现身历史画面之中有点意思。《相遇》：张一白还是只会拍感情戏，任素汐声情并茂、台词不错，张译不着一字、眼神有戏，反而是原子弹的时代音符成了背景。《夺冠》：最好玩的一出戏，徐峥到底是喜剧咖，女排夺冠的冲天热情和两小无猜结合，讲故事另辟蹊径。《回归》：为啥49年升旗都要用电动，到了97年却又用手动了？《北京你好》：宁浩正常发挥，主要还是靠葛大爷给撑起来的。《白昼流星》：陈凯歌是来秀儿子的，反倒把刘昊然衬托得演技不错。《护航》：文牧野压轴着实没想到，最“年轻气盛”的一个故事，宋佳的飞行员演出了“惊奇队长”的感觉，全片最立体的一个人物。,48
40,2019-09-30,喜欢《夺冠》和《北京你好》，电影惊喜不大也并非震撼，是国家逐渐强大的学习片，这么多年，还是会为女排而落泪。,74
50,2019-09-30,《我和我的祖国》回归篇通过讲述几个普通人的故事，再现了那一段震撼人心的历史。他们有中方外交官、仪仗队军人、钟表匠、警员，他们共同推动了影片的发展。其中，朱一龙饰演的仪仗队军人令我最激动，当他迈着军步向升旗台走去的时候，我好像也和他融为一体，共同见证了那个瞬间。,285
30,2019-09-28,"令人惊讶的是，从《前夜》中困难重重的指令传达，到《相遇》的人物命运、《夺冠》中加于孩子身上的复杂牺牲精神和简直有恶政隐嫌疑的狗、《回归》中《东方之珠》和主人公的逃港者身份、《北京你好》中对小市民心态的呈现和数句结合时代可解读出特殊意味的台词、《白昼流星》警员审讯方式、三位主角身份和强扭的平民视角，再到最后《护航》平民视角的完全消失，几乎所有导演都在集体回忆中或主动、或被动地提取出了对集体主义、官僚作风和国民性不同程度的反思。
按喜爱程度排的话大概是：宁浩（不过题目本身也最容易发挥）＞★★★＝徐峥＞张一白（长镜头后景运用非常厉害，但水平飘忽不定）＞管虎＞★★＝陈凯歌（题目难拍，但很好的贯彻了第五代精神）＞薛晓路（出发点好，但材质处理不佳，群像也太像铺大饼）＞文牧野（不切题，而且拍得有些油腻）。",70
50,2019-09-30,迟到了半小时，一进影院，全场坐满，正好看到任素汐和张译在公交车上的那段，正好回顾了前面的剧情，我只看任素汐表演都看哭了，爱国主义满满，每个故事都有特色，宁浩牛逼！！！,71
50,2019-09-30,有笑有泪，有激情有燃点！我为祖国打电话！我和阿中哥哥永远在一起！,288
40,2019-09-30,是主旋律，但也有可圈可点。个人比较喜欢2段，1是徐峥《夺冠》，冬冬和小美，孩子的细腻情感，令人动容；2是宁浩《北京你好》，又贫又热的葛优与四川孩子，孩子越乐观越让人感伤。点名批评一下陈凯歌《白昼流星》，生硬、空洞。文牧野《护航》很酷，但还是空。其他篇，稳，但用力过猛。,83
40,2019-09-30,其他几个都不错，就是陈大导演拍的看得我真是尬啊。。。,73
30,2019-09-30,不知道为啥，看完之后其实内心没有多大的触动。我旁边的两个男生都看哭了，我一个女生内心倒还挺平静。在看到林志远的那个片段还是很有感触的，不知道是不是平时这种爱国片看太多了，所以没啥感觉？但我觉得这个立足点还是很不错的，从小人物的立场来拍,64
50,2019-09-21,"越长大越发现，对这片土地爱的深沉。我爱我的祖国，就像孩子爱自己母亲。当然平时这份爱，藏于心，并未诉诸口。所以，很早就万分期待这部电影的上映。
看着，听着，不自觉地，眼泪就冲眶而出。
原来所有精彩瞬间的完美展现，幕后是无数无名英雄的全力倾情付出。原来在大屏幕上如此近距离看着五星红旗，冉冉升起在微风里，内心的骄傲和自豪，如此溢满胸怀无法多言……",291
50,2019-09-30,非常好的电影，和闺蜜去看电影，哭掉了好几张纸巾，回来路上闺蜜说，我家龙真的挺帅的！哈哈哈,279
30,2019-09-28,陈冬冬1.0最可爱，子枫妹妹也是。上海话广东话北京话听了个遍。记忆点大概就是天安门的日出、冬冬的小披肩、任达华修的表、葛优的大耳朵和小宋佳的墨镜,83
40,2019-10-09,"在这个敏感时期，来这么一部电影，是挺洗脑的
特别是音乐一响，突然就觉得我和祖国一秒都不能分割了",1
20,2019-09-30,我爱祖国，不代表我爱这部电影。电影不应该只是宣传片，而是有它独特的反思和意义。一星给徐峥，一星给陈凯歌。剩下的要不平庸要不媚俗。徐峥7分，薛晓路6分，张一白4分，管虎5分，陈凯歌7分，文牧野4分，宁浩5.5分。,54
40,2019-09-30,"起了个大早，去电影院先替大家看了这部献礼片。
7个短片，155分钟，时间线索排列，贯穿新中国大事，满满的家国情怀。
其中宁浩，管虎拍的最好，其次是张一白，徐峥和文牧野。
考虑上厕所的同学，可以在中间薛晓路和陈凯歌这两部的时候。
最佳男主我给葛优，女主给任素汐，最佳新人是徐峥片里的小孩，表演天赋炸裂，还有欧豪的戏也不错。
嗯…短片其实也不是谁都能拍的，华人短片选手里仅以才华论，私以为胡伟导演排第一。",68
30,2019-09-30,三颗星分别给第一第二和最后一个故事。最烂的是北京你好那个，特别无聊的,60
50,2019-09-30,"有泪有笑，由衷自豪。
《回归》部分里当国旗升起的那一刻，我的眼泪就开始飙。
我的血脉属于这片土地，我愿意并希望去见证她越加美好。",227
40,2019-09-28,以小见大，最喜欢黄渤和葛优的故事,66
40,2019-09-30,"最近真的是。。。被这个歌和电影刷屏了。。。看完觉得还是很不错的！这个片子最喜欢的是奥运的那个！！葛优你大爷还是你大爷，深深抓住了我的08年情节！08年可能真的每个人爱国自豪感到最高的时候了。08年的时候真的觉得未来什么都会更好。其实比较失望的反而是刘昊然的演的部分，人物态度转换的太突然了，很不自然。比较惊喜的是《护航》，拍出了飞行的一种温柔，军人下面的温柔才是最动人的，一看这个故事导演是拍《我不是药神》的文牧野，难怪！完全没有被几个老导演压下去啊！《前夜》黄渤也是演的很好，整个故事很稳当。剩下的都是及格以上，可能是其他故事太好了，所以也就没感觉了。


作为在一个特殊时刻的特殊电影，落地不同时期的不同身边人物，关注个体的家国情怀，而不是大而无当的强调大国情怀。真的是很温柔了。",70
20,2019-09-29,"几种价值：
1.因为我们是中国人，所以我们应该无条件为国家利益放弃所有个人情感。（《相遇》《夺冠》）
2.国家意识可以抹平一切个体差异带来的冲突（《前夜》），可以解决一切现实的问题（《白昼流星》）。
3.曾经为集体付出的，体制必将会议某种形式进行补偿（《夺冠》《回归》）。
4.精英主义充斥全片，那么究竟是谁和谁的祖国？",41
50,2019-09-30,葛大爷那段太有意思了,67
50,2019-09-30,看的热泪盈眶，激奋人心，特别想穿越历史亲身经历每一个伟大的历史瞬间。葛大爷牛掰克拉斯，护旗手朱一龙帅气！ ,75
50,2019-09-30,第一次看这种题材的电影，在影院又哭又笑，眼睛都有点肿。这些历史，真的无论什么时候看，都会产生共鸣。电影足够精彩且接地气，小人物，也会有大精彩。很好看的一部电影，准备二刷。,269
50,2019-09-30,我和我的祖国。,69
40,2019-09-30,思路非常清晰，将原本献礼片中的《我和祖国》演变成了《我和我的祖国》，重点从“祖国”变成“我”，主体变成人为主之后，电影多了一些情感和柔软，串联起时代记忆。剧本最好的是张冀的《相遇》唯一一个以伤痕书写荣耀的故事，关照面和情感共鸣更强，可惜张一白的调度实在拿不出手。导演方面完成度最好的则是《前夜》、《夺冠》和《护航》，宁浩、徐峥、文牧野都在用最工业化最商业的角度和体量完成了这支短片，观赏性强、人物塑造成功、各自夹带了自己的私货，《前夜》结尾伪纪录片的形式亮眼，《夺冠》也不聚焦事件本身和《相遇》相反他是用喜剧的形式描绘事件，而《护航》则是7支短片中唯一的一支女性做主角的短片。最差的是薛晓璐的回归，又想捧臭脚又想关照人物，没有这么好的事情哈。整体来说有突破传统主旋律电影的壁垒，是一件可喜可贺的事情。,42
50,2019-09-30,一部超级棒的电影，满满都是正能量。《回归》篇的三个小哥哥的军姿正步好戳人，香港，我们永远在一起。,94
50,2019-09-30,"看着确实让人感慨万千，七个故事风格不一样，品质也不一样，但这个电影打分不需要太客观。
《前夜》开篇很精彩，导演调度，演员表演都不错。
《相遇》演员是唯一的亮点，张译任素汐非常稳，但从整个故事来看，应该是七个里面垫底的那个。
《夺冠》徐峥选的视角很有意思，整个短片明快又充满童趣。 
《回归》讲真不怎么样，但罗大佑的歌声响起的时候，还是把我看感动了，果然是因为最近发生的事，看这个短片十分感慨。
《北京你好》七个故事里我最喜欢的一个，宁浩把自己的风格融入了背景，把那年的辉煌与伤痛放在一起，主旋律拍出了小人物的反思，
《白昼流星》的画面和思想都是七个故事里面最好的，但表现出来嘛……
《护航》非常工整，文牧野是七个导演里发挥最稳定的一个。",56
40,2019-09-28,立意、执行、效率、效果都很出色的一个超大型项目，在献礼片维度几乎可以接近满分，国庆需要这样一部作品。我最喜欢的一点是，这整个电影讲的都是个体与国家命运碰撞的故事，去关注各个历史角落一个个不起眼的小人物，以人为本，激发每个普通人的情怀和共鸣，在主旋律叙事中做到了不落窠臼，与众不同。其次，能看出七位导演都是真正有情怀的艺术创作者，施展出自己的风格特色，各显神通：有追溯历史的，有关注当下的，有畅想未来的；有第五代的故土深情，有新生代的类型片功力，有对男女老少不同群体、上天入地不同疆域的展现。可能每个人对七个篇章的喜好排序都会略有不同吧，我基本都很喜欢，看得一会笑一会哭的。演员就太多了，很多都很出彩。这次他们演的都是普通人，所以都生动鲜活，身边人一样，比如葛大爷演的北京的哥，实在太可爱了！,50
30,2019-09-30,"为毛要拍这么多个故事！
因为是有很多个我。。。葛大爷最佳",50
40,2019-10-01,"在比较偏的一个电影院看的《我和我的祖国》，但满座。
气氛感动，电影结束大家一起跟着唱起《我和我的祖国》，鼓掌。
北京你好>夺冠>护航>前夜>白昼流星>相遇>回归",37
40,2019-09-28,7个导演的合拍片，个人比较有感觉的是管虎、徐峥和宁浩的，这三个无论从视听语言、剧作和表演各方面来看，都很不错！张一白的不看好，但最让我失望的还是陈凯歌的那段，从视觉上看当然无可挑剔，可以看出是花了很多钱砸出来的，但凯歌真的不行啊，白费了田壮壮、陈飞宇、刘昊然这几个好演员…不过全程很激动，也数度流泪，这些故事都是关乎每一个中国人的，情怀。总之，强烈推荐！,66
50,2019-09-30,几部里面最喜欢的是香港回归及08奥运，真的十分有感触。从最开始国歌一想起鼻子就开始泛酸，祝我的祖国繁荣昌盛，我爱我的国！,80
40,2019-09-30,"7个故事，最好看的是葛优的《北京你好》，葛大爷演技真是太好了，连后脑勺儿都是戏！其次是《前夜》《夺冠》。主旋律电影拍得这么精彩超不错了！！！最后《我和我的祖国》片尾响起的时候，全场都没有人离开，大家都是听完音乐再走的~

不过张一白的《相遇》、陈凯歌的《白昼流星》还有那谁的《回归》这仨真烂，无聊到忍不住想玩手机嘁这仨导演真是浪费配置",63
30,2019-09-30,七段故事水平参差不齐，夺冠和北京你好体感最好，夺冠切入点眼前一亮，北京真是有趣，葛大爷牛掰；前夜最命题作文，拍的很好的公益广告；相遇任素汐的part是春晚小品的煽情部分即视感，张译演技真好；回归其实换成港民主视角会更好，最好的部分是惠英红换警帽徽，升旗部分做电视机里的背景就行，东方之珠非常加分；护航中规中矩；白昼流星垫底，凯子哥是自暴自弃了吗，两个主题硬接在一起结果灾难，看到俩小子偷钱被教育的时候我还在想哪有网上说的烂还挺好的，谁知后面急转直下，陈凯歌你剪片的时候看后半段不尴尬吗？后半段是则现代寓言故事，但童话感不够，生搬硬套，你不垫底谁垫底。,62
40,2019-09-30,6个小故事 最爱的徐峥的 又哭又笑 小孩最后含着泪望着将要告别的女孩 还是头也不回的跑到了天线那 撑起了一弄堂的爱国情怀 葛大爷秉着幽默的方式 牵起了2个地方 2个事件 2个家庭 让人不禁悲喜加交 护航飞行员 早期看过拍成小品 还记得当初也是感动的不行 这次再看到 又熟悉又感慨 每个人都是不容易的 一路走来 感谢我的祖国,70
40,2019-10-01,命题作文之下，大部分作品基本做到了戏剧真实，相比机长，这片子是真的下了功夫。个人喜好，宁浩北京你好>管虎前夜>文牧野护航>徐峥夺冠>张一白相遇>薛晓璐回归。陈凯歌那个，我不想说他。,57
40,2019-09-30,《前夜》好在抓住了微妙进退里的悬停时刻；《相遇》像个法国片，但作为背景的红旗聚集与奔走的青春托起了相看泪眼的情梦；《夺冠》深得希胖《怠工》神韵，上海男孩失声痛苦，与影帝张建亚一样撩心撩肺；《回归》是PS电影的失败操作，无论从哪个层面都一泄千里；《北京你好》微言大义，是众生与火炬同光；《白昼流星》不知所云，可能是什么越野车广告；《护航》硬气，花非花，梦非梦。七子各擅千秋，长短分明，此时此刻诸般能言未言情状的一块活动铭牌。,27
50,2019-09-30,因为一位演员，三部献礼片我首选来看《我和我的祖国》。看了电影，现在很激动，觉得非常自豪。,264
50,2019-09-30,提前买到了点映的票！最近正值香港事件，回归part看得相当感动。香港民众和大陆军人，都在为了香港回归而努力，不差分秒！东方之珠的歌曲一响起我就立刻泪目了。三位升旗手护旗手饰演得都相当帅气优秀！代表我们军人的形象！香港是我国不可分割的一部分！本以为是以往主旋律宏大的电影，没想到是以每一个小人物和祖国的关系开展了七个故事！真的很惊喜！每一个都很喜欢！十一会带父母和朋友再去看的！,70
30,2019-10-01,徐峥和宁浩导的两个最好，总体来看还能接受，比较写实，以小见大。也是观影气氛最好的一次，全场合唱并鼓掌。,51
30,2019-10-05,宁浩和徐峥拍得挺聪明，陈凯歌拍得太笨拙了。,27
30,2019-09-25,一、工程师大炼钢铁后，参演《国王的演讲》；二、拯救中国式切尔诺贝利英雄遭遇前女友回忆中国式相亲；三、5G是多么得重要；四、你也是知道一秒不差，缺一不可的哦；五、北京的哥终于不做时政评论了；六、认真讲，陈凯歌真是七部最差；八、壮志凌云中国版：长安都尉张小敬无法敌过我英勇空军女——你天天开飞机，我天天（打飞机）…另，原来空军解决死机问题也是靠重启…,40
40,2019-10-05,《我和我的祖国》的主角是那些明面上的角色，但其实仔细想想，你会发现这些小人物，离绝大多数人的生活其实也很遥远。这些明面上的主角都是共和国最重要那批人，没有他们绝对没有共和国的今天。但更让我感动的其实不是他们，而是开始给林治远送金属的那些人民群众，是在街上欢呼原子弹新闻的市民，是在弄堂里围观女排的那些居民，是修钟表的大叔，是听说有抢劫二话不说就去追的小摊贩，没有这些人，也更不会有共和国的今天。这才是我们和我们的祖国。,35
30,2019-09-28,只有从微缩的个体生命，才能透视整个宏大的时代。北京你好七个部分最佳，张一白和陈凯歌拍的都是个啥？文牧野最后的阅兵是真的cctv8…,60
30,2019-09-30,"买票晚了跑了半个城看的点映因为看预告很有感触真的几次看出我眼泪来，但是这片我没办法打高分。几个故事衔接得没头绪，情节发展缺乏逻辑关联，白昼流星两孩子情感转变有些牵强。强行告白祖国煽情开始人物慢镜头放bgm。
预告看得人澎湃，正片毫无感觉。就当看个记录片吧 ，预期挺高却不尽如人意。我也早该料到7个故事要在两个半小时内讲完估计就是微电影达不到情感充沛的酝酿，情感调动不起来。很多片段看着都挺尴尬的，也许这片本身不好拍限制比较多，对导演给予太大希望可能主旋律爱国片都这样？？
抛开爱国情怀其实故事真挺乏味，在影院有些坐立难耐。",50
40,2019-09-30,北京你好最好，夺冠次之，护航，前夜，白昼流星再次之，剩下的挺烂,55
comment-time,2019-09-29,夺冠最佳，流星垫底，陈凯歌居然输给了（靠张译撑着的，and崽崽可可爱爱一秒钟的）张一白！？,61
10,2019-10-01,大型春晚合集现场,45
50,2019-09-29,虽然并没有把热爱祖国什么挂在嘴边，但是看预告时眼眶都已湿润。我们经历过的祖国的每一场盛事在电影中被一一呈现出来。或许即使是憋足的导演来完成，看的时候都会让每个中国人激动不已；更何况是这么多优秀的导演和演员来完成的一部作品呢。,83
30,2019-09-30,这么难的命题作文，还能做到各有惊喜，哪怕每个短片都有段想切掉。《护航》最飒。《夺冠》若无长大后的片段，绝对是最爱。《前夜》爬杆，比看爬珠穆朗玛峰还紧张，但特工怎么都没了。《相遇》有趣的地方反倒是zhangyi白，zhangyi和饰演zhangyi曼的任素汐有了合作，前年的牛耳奖，正是他们夺下三个大奖。《回归》就只看看任达华和惠英红的细水流长，杜江舞台幻象太出戏。《北京你好》有动人的点，但我老想这恶狠狠的孩子哪来这么多钱……《白昼流星》两位富少爷的牙口好白，邋遢衣服衬得如同白昼流星。,37
30,2019-09-30,"前夜：三星 除了对于沙盘和布景的浮夸拍摄，其余基于艺术上的修饰还是可以接受的，整体表演不错，不功不过的开篇
相遇：三星半 靠着任素汐一个人的长镜头来撑起一部短剧，从而歌颂整件事，若没有任素汐，这个短片黯淡无光
夺冠：两星 充满了套路主义和形式精神至上，将孩童的纯真形态抹杀到虚伪，特别是后面，简直难看
回归：三星 对于一般民众和参与其中的人联系不够，仿佛两条故事线在行进，完成度中规中矩
北京你好：四星 将大事件和小人物完美的结合，节奏，编剧，人物表现上都很突出，喜欢这段
白昼流星：两星半 人物与事件结合度低，而且人物性情转变缺少一定支撑，不足以提供行为动机，甚至出线了感情脱节
护航：三星 人物塑造高过于事件本身，却缺少情感上的深挖共鸣，除了帅气上，欠缺点很多
回归
个人打分：6/10",50
40,2019-09-30,爱祖国就像是爱山川、河流，你无法凭爱意将她私有，甚至有时候她也会让你失望，但你还是会爱着她。,28
50,2019-09-30,《我和我的祖国》一刻也不能分割！看完电影我真的热泪盈眶，内心久久不能平复！七个单元都是泪点，新中国七十年太不容易，眼见祖国越来越强大，内心不仅有感慨，更有生为中华儿女的自豪感！儿时学习历史的时候内心就有一个声音一直告诉我，“吾辈当自强！”自勉！感恩！拼搏！永远热爱我的祖国！,260
20,2019-10-02,我认为田壮壮老师接陈凯歌这个戏，只能是为了去草原骑马。只能是。只能是。,30
50,2019-09-30,这不仅是一部振奋人心的献礼片，更是一部感人至深的故事片。电影的视角很独特，讲述了很多小人物在历史事件中的经历，有笑有泪有情怀。共和国七十年，是中国人民自强奋斗的七十年。我和我的祖国，心心相依。,256
50,2019-09-28,值回票价 哭得我稀里哗啦 小胖子东东演技真的到位,54
40,2019-09-30,今天下午一个人去看了点映，全程又哭又笑的看完了，几个故事都都不错，张一白拍短片还挺不错的，节奏把握的可以，最喜欢第一个故事前夜和回归，从49年中华人民共和国成立，64年第一颗原子弹成功爆发，84女排三连冠，97香港回归，08奥运会，15年抗战胜利70周年阅兵，16载人航天成功着陆到现在，这盛世，如您所愿；；；,59
30,2019-09-30,有点失望，奔着强大的导演阵容去看的，结果1+1<2,38
50,2019-09-30,夺冠和北京你好真的很棒！,52
50,2019-09-30,说实话我不太喜欢把爱国挂在嘴边，但进了影厅电影开场的时候我突然发现，我对这片土地的赤诚从来没有改变过。,257
40,2019-09-28,单单和十年前的主旋律“大业”系列相比，那会子拍的是历史，取材课本一般，仅供人仰望；十年后，拍的是故事，拍的是人，让你置身那个氛围里，去体验一份自豪感。个人排序：前夜>北京你好>护航>夺冠>回归>白昼流星>相遇，葛大爷黄渤任素汐宋佳四位人和角色是一体的，其他人或多或少都有演的痕迹。,35
30,2019-10-01,"导演放在一起才知功力高低，徐峥简直鹤立鸡群之姿跃然屏幕，若不是续了一个狗尾巴式儿的结尾，真的他这部分太出彩了，相比之下，陈凯歌强硬煽情，文牧野欠的火候，张一白尴尬的对词，都太明显。
看时还说别瞎感动啥的，架不住听到国歌，一群人唱【歌唱祖国】，打心底里就涌上来的归属感，无法抑制。
我爱这苍茫天地，海阔云高，爱这绿水青山，一体同胞，也爱70年来从积弊的困境中走出的强大中国，至少，这10－20年，真真切切的变化，让人自豪。",51
40,2019-09-28,观感超预期。张译和葛优的两段最好，陈凯歌的最差。虽然知道很多时候电影不仅仅是电影，但是面对一段段共同的家国记忆和背后的一个个普通个体还是无法不动容，因为这片土地这些人与我血脉相连。,48
40,2019-09-30,白昼流星>北京你好>前夜>夺冠>护航>相遇>回归,54
50,2019-09-30,太好看了，刚刚看完一会，我以为我泪点很高，结果第一part就开始哭了，葛优老师跟黄渤老师演的太好了，这票价太值了，然后护航里面的小女孩长得也太好看了吧，简直是我梦中的女儿的样子。本身是演员朱一龙先生的粉丝，他出来的时候我是有点紧张的，结果台词一出来马上放松了，虽然只有一句台词可是效果很好，全场都在笑，演的真好，我一定会去多刷几次，原来这些重要的时刻里面有这么多没有了解过的小细节，一直到最后跟着唱完歌才离场，太喜欢了。,54
50,2019-09-30,看电影，庆国庆。祝祖国生日快乐！繁荣富强！愿我们的国家越来越美好！,230
50,2019-09-30,不总拍大场面，“小”人物的幕后故事也很动人,65
50,2019-09-30,为什么我的眼里常含泪水，因为我对这片土地爱的深沉。祝祖国越来越好！,42
40,2019-09-30,"七个故事献礼七十周年。
开国典礼前夜，女排夺冠，香港回归都是泪点，北京你好开始走平民角度，白昼流星那一篇没有太看懂。
香港回归对秒数那里心跳也是在倒计时的感觉。
任素汐那一篇从讲故事那里一直是感动到哭，然后张译摘下口罩的时候，同事的先生来了一句“像我”，绷不住笑场。确实挺像的，哈哈哈。
",55
30,2019-09-30,一个电影讲7个故事，看起来很赚，但是每个故事都挖不倒深处就结束了，期待春节的中国女排,41
20,2019-09-28,张一白那段要是稍微修一下甚至能够超四星水准...,40
50,2019-10-01,因为拥有安定和平的环境，才能允许自己有那份带着情绪的生活，微笑，喜悦，喜欢身边的人和事。祖国日益强盛，开阔的胸怀下家国小事，人文情怀，属于每个时代经典的记忆都难能可贵。比较喜欢的三段故事： “中国女排”“白昼流星”“护航”。 最纯真的年代，最单纯的感情，遇到白昼的光，为你保驾护航。,39
50,2019-09-28,"有幸在清华看了首映。
总体而言完成度还是非常高的，从小人物作为新中国成立70周年各类重大历史事件作为切入点，拍得也越来越有血有肉、丰满立体了。
从情感上来说，全程看哭了好多次啊，真心为祖国生日喝彩。
从情节满意度来说，最喜欢管虎和徐峥导演的片段，第一段情节张力足，女排那段特别灵动；最不喜欢第二段和陈凯歌导演的片段，强行主题使情节变得生硬，昊然帅弟弟似乎也不是很适合这个角色。",46
30,2019-09-28,夺冠，护航，相遇,43
30,2019-10-01,还是宁浩厉害，讲老百姓对老百姓的互相理解，立意就高了一筹。就更别说那些小幽默了。陈凯歌已经不适合再拍电影了……,44
40,2019-10-04,航天梦和贫困县，孤儿兄弟给航天兄弟抬轿，陈凯歌是不是用了春秋笔法…,22
40,2019-09-30,有几次眼泪都开始在眼眶打转了,46
50,2019-09-30,真的 我要吹爆黄渤演技了，作为一个恐高症患者表示黄渤真的是把这个角色演绝了，感觉不需要煽情的配乐光看他在那里演就已经十分的动人了，另外故事最吸引我的是前夜，而角色魅力最吸引我的是葛大爷，真是让你笑着笑着就哭了。,39
comment-time,2019-09-28,奥运葛优一part质量最高，其次是女排夺冠，回归。前夜不易入戏，年轻面孔是21世纪的容貌和神态。其他part基本预告即精华，除了张译的演技都印象不深。,46
40,2019-10-01,被张译感动了…,51
40,2019-09-30,相对而言，可靠性最高的一部了,29
50,2019-09-28,电影《我和我的祖国》抓取了新中国成立以来的七个经典瞬间，从普通民众的视角，再现了奥运、女排、两弹一星、香港回归等重要历史时刻。当七个属于“小人物”的故事一个一个在眼前徐徐铺展开，当每一个个体的悲欢与国家命运紧紧相连，当感动的热泪在每个人的笑脸上疯狂奔流，当大家哽咽着跟着电影唱起《我和我的祖国》、《东方之珠》，这一刻，我只想说，此生无悔入华夏，来世还在中华家！,261
30,2019-09-30,感觉有点强行点题，大事件和小人物的结合不够自然，演员和情怀加分,29
40,2019-09-29,总体来看，前夜、夺冠、北京你好这三个故事好于其他几个。电影按时间顺序七个故事依次铺陈开来，从小人物的视角以小见大。看预告觉得白昼流星和相遇篇可能弱点，看了电影觉得也还好，毕竟这七个故事的分量也不该是一样的。夺冠篇是个没想到的亮点，冬冬小演员演得真好。遗憾的是这七个故事没有任何关联，如果情节内容或人物关系能有多相关首尾呼应，整个故事的立意就会更上一层楼。,43
comment-time,2019-09-29,香港那段哭了。,26
50,2019-09-24,"业内看片会。
中国电影小半个江山还是稳啊。七位大导，七个故事，或慷慨激昂、或幽默诙谐、又或温情动人，七个时代看似不同的故事却都聚焦在形形色色人的身上。在70周年，国家与这些电影人选择歌颂的并不是大国情怀，也不是为伟人立碑立传，而是追根朔源，找到了在那些撑起国家的小人物身上闪耀的英雄品质，拼搏、牺牲、坚持、善良、勇敢、不屈，原来这是封写给中华民族最美的情书。这么多年过去了，也明白了当初那个持方。“英雄造时势”是我们能够给英雄们最崇高的敬意，正是他们的牺牲他们的精神支撑着我们度过了每一个艰难的时期。
PS：想嫁给朱一龙的可以提前去高亚麟微博下面评论求分配了！",42
40,2019-09-30,"电影结束后全场鼓掌，身边的大兄弟高声和片尾曲合唱，字幕出再次全场鼓掌。
我也是憋着流了不少泪。原子弹那个故事实在是…太动人了…",38
40,2019-09-30,孩子们那是你们的星星，快去追！虽然每part都有小小的不足，但已经很好了。感谢台前幕后的所有人。有笑有泪，祖国生日快乐。,49
40,2019-09-28,这么看吧，其实整部电影对于片中的部分创作者来说挺残忍的，因为谁有才气，谁有天赋，谁是普通正常人都看的非常明显，嘻嘻！但整体还是非常棒的，情感杀伤力太大了，相信祖国母亲看了都会流泪到赞不绝口！,24
30,2019-10-09,白昼流星拉低了全片的智商……,10
40,2019-10-01,不知不觉间，管虎，徐峥，宁浩 文牧野这类导演已经是中国电影的中间力量了啊。老中青实力派演员齐聚，陈飞宇的演技给了我最大的惊喜，不知是他老爹调教的好还是比《将夜》里的提升太大。希望里面的这群人能够在未来给观众带来更多的惊喜，这也是历史的必然,30
40,2019-09-30,《我和我的祖国》取材自新中国成立70周年国人耳熟能详的7个重大历史事件，不仅将历史事件和时代气息融入小人物的生活当中，而且风格不同，但故事主题高度统一。其中个人最喜欢的是宁浩的《北京你好》，不仅叙事结构带有宁浩擅长的黑色幽默风格而且演员上葛优把老北京带有市井气息的京痞热心肠的哥演绎的特别传神。其他几个故事也各有亮点，徐峥的《夺冠》是诙谐鬼马喜剧，《白昼流星》表现出了陈凯歌浪漫情怀，《护航》表现出了文牧野的干练，而管虎的《前夜》薛晓璐的《回归》和张一白的《相遇》整体都比较保守。总体上七位导演拍出七种风格水准高低一目了然，也成了近年来主旋律电影当中品质较高的短片组合集。,43
30,2019-09-25,"比预期的质量要好。用了很多“呼应”、“打鼓点”、“带事件”等等的那些催泪常见基本法。感觉张一白的那一段最特别，叙事拼演技，靠镜头，还有心加了和后面故事的联动（虽然被整体的标题形式破坏了…）

相遇＞夺冠＞北京你好＞回归＞前夜＞护航＞白昼流星",52
40,2019-10-01,葛优全场最佳，陈凯歌全场最差,33
30,2019-09-30,"管虎宁浩徐峥可以，看黄渤葛大爷演戏很爽
夺冠片尾有点多余
白昼场面配乐可以，太象征，又想和实际联系，没接好
相遇煽情太过
护航，单薄，双线有条线突然就没了
回归，私以为不该给护旗手太多心理描写，男主人公的回忆杀也有些尴尬，找不到重点",39
30,2019-09-30,听说国庆档这部整体还不错，不信，所以挑来看看。七位导演的七段短片，关于最后一分钟营救。从1949升旗、原子弹、女排、奥运会、阅兵、神舟号大事件时间顺线切入。看完第一个就想睡，真的太煽情了啊！！！听到那种刻意想让你流泪的音乐排山倒海就忍受不住。但从宁浩那段开始醍醐灌顶，葛大爷的幽默感和设定，整段故事包圆自带反转，笑中有泪，彩虹旗细节非常“宁浩”了。文牧野中规中矩，宋佳雷佳音对戏有火花，呼应当今事业家庭两难的女性抉择。陈凯歌“回乡”和返航有点牵强，且对少数民族固化印象，不过儿子陈飞宇帅气演技也秒杀。本来就是命题作文，比较不容易吧。,19
50,2019-09-30,其实我还蛮喜欢《白昼流星》的,44
50,2019-10-04,前夜，毛主席讲话的片段看过不少回，背后电动升旗装置的故事倒是第一次了解，作为开篇非常吸引人；相遇后面人海中那段张译和任素汐完全没有演的痕迹，就是那个年代里，既是进步的推动者又是只能被时代浪潮推着向前的人；回归这一趴看预告的时候就很有感触（再加上在国外碰到过太多gd），东方之珠，每个人都不能也不愿再多等一秒😭 原先以为会是交接仪式的庄严肃穆和见证历史的感动交织，没想到还有笑点，朱一龙顶着一张大帅哥的脸一开口不知道哪里的口音喊报告那段全场都笑了，不过想想也是兵哥哥（弟弟？）们，年纪轻轻，可能生活中就血气方刚的皮孩子。刻苦训练，为了在那样一个时刻扛下千千万万举国和举世的注目，点睛之笔非常真实；08奥运加天灾也是印象深刻，意料之中葛大爷slay全场，后脑勺都有戏（字太多写不下!!挑几个最喜欢的片段,1
40,2019-09-30,葛大爷绝了 牛掰格拉斯！,34
40,2019-09-30,好几篇小品都拍得挺好的，命题作文也可以很出彩！看得出集结了当下影视圈大部分主力，好多我爱的面孔，啊！我永远爱壮壮！！！,35
20,2019-10-01,如果用55元的票价做标尺，根本不及格，七个故事，也就2-3个还能言之有物。这种片子干脆就像学习强国那样，微信上免费强推吧，国庆七天，一天一个。,17
40,2019-09-30,这样一看宁浩和管虎的导演能力之强就尤其明显了。徐峥处处透着懂观众的聪明劲，就是有时候聪明的太明显了。文牧野则是视听强故事简单。张一白那段文本好、表演好就他自己不行。薛晓路是懂人物塑造的，但她的镜头语音和节奏把控显然太一般。陈凯歌还是老毛病，前好后垮，挺好一故事，前面拍的也够味儿，但从开始有旁白便滑向了狗血的深渊，命题作文般不断强行点题，还好没让他攒底。,41
40,2019-10-03,可以从中看出不同导演对国家叙事和个人意识的认识，徐峥宁浩精巧别致，文牧野才华略胜，张一白管虎商业片思维，陈凯歌和薛晓路那拍的是个啥啊？演员是真的好，第一名葛大爷，你大爷还是你大爷，行云流水不留痕迹；第二名张译，口罩后面的脸太迷人；第三名雷佳音，出镜一分钟笑死全场；第四名宋佳，东北姑娘的飒爽劲儿大爱。,14
40,2019-10-01,"最喜欢的是“小超人”冬冬的故事，这一段眼泪是流下来了的，跟着冬冬一起哭，小孩子离开心爱小女生的那种哭；陈凯歌导演的那一part，就……还是现在的陈凯歌。
祝我的祖国生日快乐🎂🇨🇳",45
10.0,2019-9-26,太不要脸了,0
10.0,2019-9-23,名字好，但您都美国国籍了您不能打着爱国挣钱啊？爱国是由心的不是你拿来挣钱的工具你当谁都瞎都是傻子呢？,0
10.0,2019-9-29,公司通知:9月30日和10月3日晚，公司组织在宝清百盟电影院观看电影《我和我的祖国》，所有人员必须观看，观看电影到党群工作部打卡机处打卡，未打卡人员且没有请假手续的人员按旷工处理，各班组根据休班情况，下午三点之前把看电影名单报上来。集控四值、三值及化学在班人员，不能在这两天看电影的，把观看时间（根据休班时间自己决定观看时间，7日前观看完）及人员名单报上来，公司发放电影票。,0
40.0,2019-9-26,20190925沃美启泰看片。纯正主旋律，诚意满满，却寡淡如水缺乏张力，白白浪费了几个出色原创剧本，七位出色导演搭配中国华语梦之队豪华阵容，按照满汉全席的菜谱拍出一部村民流水席。,0
10.0,2019-9-17,陈凯歌的电影基本都是辣鸡,0
30.0,2019-9-24,不太喜欢看这种类型的电影。,0
40.0,2019-10-4,说实话拍的太一般，尤其是白昼流星，把观众智商按地上摩擦吗？随便仨牧民说去那种重要地方接宇航员就去了？俩有前科的犯罪青年说去抬宇航员就去抬宇航员了？那么多人，医疗队都有老牧民发病倒那了没人管一下？整体觉得为了表演去表演。这个分只是给电影本身打的，不要和爱不爱国扯一起。感觉这样水平的电影用来献礼有点不好意思,0
10.0,2019-9-30,消费大家爱国热情，投资方中饱私囊。,0
20.0,2019-9-29,乱七八糟的七个故事，看完啥都记不住。建议看攀登者,0
40.0,2019-9-28,看了电影的预告片，说实话我是很期待电影的，但听了王菲版的主题歌，我一下就没兴趣了！她的演绎实在是太不适合这首歌了！我认为这是电影方非常少考虑的一点！,0
50.0,2019-9-30,看预告短篇都哭成狗了，我的祖国我的民族几千年走下来太不容易了！中国共产党有瑕疵，但是我们最好的选择，加油！带领中国人民富强、安居、乐业，千万别范民化民主！我想有个安定富足的晚年，我想我的孩子能生活在富足稳定的社会。,0
50.0,2019-9-24,我想爱国绝不是政治选择，而是一种情感！不讨论别的，只想说影片内容确实令人动容！,0
10.0,2019-10-7,有能耐别让学校以作业的形式衬托票房  这完全就是耍流氓嘛,0
10.0,2019-10-3,这种片子看的人莫名其妙，相当于看了个电影版的春晚，看了一半就实在看不下去了。,0
50.0,2019-9-29,一个选择美国国籍的人参与拍摄的爱国电影。您国籍都选择了，还参与爱国主义宣传，不太好吧……,0
10.0,2019-9-25,感觉这部很良心，同样是群星献礼，仿佛比之前那些伟业们好很多，简直催泪炸弹，小男孩演技真心赞，神了,0
30.0,2019-9-24,拍这种片子没问题，但什么时候这种片子是个人导演和演员自发拍的，上映后显示真实得分和票房，才是这种片子真正的成功,0
50.0,2019-10-4,白昼流星简直亮瞎了狗眼，生搬硬套，凭空想像，陈凯歌想捧儿子也太生硬了,0
50.0,2019-10-2,一直很惊讶无极的陈大导演怎么会导出这么好的电影呢 看了才知道是他是赶车的借了坐车的光  七个故事六个都非常精彩 除了搭车的陈导的那个穷兄弟的 想问两个问题 神舟回地面的安保就那么差么？随便的牧民就能去抬宇航员？还有能不能不要总是让人看了开头总是知道结尾 好人总是吐血而死 让好人得好真的就那么难么？所以最后想说的是赶车的借了坐车的光 陈导多年不见 依旧,0
40.0,2019-9-28,不打十分不是中国人！,0
30.0,2019-10-6,所有的6个故事都很感人，除了白昼流星这个坑爹玩意儿。其他的故事都是在述说我们新中国伟大的历史时刻有多么不容易，只有白昼流星陈凯歌这完蛋儿从头到尾在讲一个他美国国籍的儿子不容易。只有这一个故事几乎看不出和神舟有什么联系。败笔中的败笔。一个美国籍的陈飞宇，他凭什么拍我和我的祖国？他配么？一个投机派，两头便宜都想占。滚回你的美国去。,0
40.0,2019-9-30,没有让人特别感动的地方！,0
10.0,2019-9-30,看评论，只要别人低于7分的，都被围攻直接骂脏话。这就是当代逸合團，呵呵,0
50.0,2019-9-29,一帮外国人演这种电影 有意思吗？看看他们的后代都是外籍 有归属感和认同感吗？天天溜须拍马 无耻之极,0
50.0,2019-9-27,想带孩子一起去看 希望她和我一样热爱祖国,0
30.0,2019-10-9,打10分的水军这么多，这电影还是不到8分，，可见也就是六分的水平。。,0
50.0,2019-10-3,这电影评8分以下的都是孤儿!,0
30.0,2019-10-1,就爱国情怀给个7分吧，就电影本身最多给5分，每个单元故事表现的没有深度，其他每个单元给出的主题很鲜明，没有人物深刻的描述和铺垫，故事情节不够抓人，也就是乘着正逢70周年大庆紧扣人心，感动和触动的不是电影本身带来的，是真实的历史事件引起的共鸣！,0
50.0,2019-9-27,这是一部值得带孩子一起去观看的电影，让孩子知道，我们的祖国是怎么一路走到现在的繁荣昌盛！让孩子从小就要做一个爱国之人，生为一个中国人是一件多么骄傲的事儿！,0
50.0,2019-9-25,每一个片段都让我泪目，十一孩子爸爸要坚守岗位，我会带着他们去看！这个十一，带孩子们在影院度过！先看《我和我的祖国》再看《攀登者》，最后看《中国机长》！作为一名幼儿教师，真心觉得儿童教育中，爱国是必须从小抓起！,0
50.0,2019-9-21,从来不写这玩意儿，也从来不打分。这是仅有的一次，为了我的祖国。即使它不完美，不平衡。但依旧是心中最神圣的词眼。中华人民共和国！,0
50.0,2019-9-14,怎么办，看预告片都哭成泪人。国庆当天肯定要去支持的。尤其香港回归那一幕，换装的一瞬间。香港同胞们，我们一起加油,0
50.0,2019-9-9,唯独不见管虎导演的那一段预告片，不知道他是不是在受八百不能上映的影响。,0
40.0,2019-8-21,看了预告片，就让我泪流满面！祖国最近发生的恶心人的事儿太多，但是祖国你是我们的后盾，我们这些小老百姓也是你的后盾！,0
50.0,2019-10-3,最喜欢葛大爷的奥运和夺冠两段,0
40.0,2019-10-1,唯一感觉有点遗憾的地方，王菲的嗓子已经不太适合唱这首歌了，不过影片里面也只放了一小段，感觉谭晶是最合适的人选。,0
50.0,2019-9-30,最爱徐峥/宁浩片段，但哭的最厉害是张一白片段；最无语陈凯歌片段，艺术化的人物处理，在拉低我的智商！,0
50.0,2019-9-30,好电影，这部电影是才子们喷薄才华的佳作，选取的也都是新中国经典的高光时刻，的确鼓舞人心士气。最后一句本不该在节日里讲，如果能说得五关六将，也允许反映麦城灰暗时，胸襟才更开阔。自信的人不需要反复自我歌颂，也不怕面对自己曾经的错误。否则自豪的对面，就只剩下虚弱的不许说我任何不好了。当然，无论如何，为这了不起的70年，喝彩！,0
50.0,2019-9-29,七个故事都很好。比较来说，女排精神讲的有点单薄，白昼流星时可以去上厕所。,0
30.0,2019-9-15,看了《回归》预告，东方之珠响起的时候真的热泪盈眶，朱一龙演绎的护旗手也十分精彩，期待正片！福建厦门将包场首映！,0
30.0,2019-9-14,我是看攀登者还是这个呢…纠结,0
50.0,2019-10-10,去电影院看了，没有记忆点，卖爱国情怀而已,0
40.0,2019-10-10,侄儿全校组织观看，老婆单位组织观看，说实话，除去贩卖爱国主义情怀，就是个命题作文，还做得挺烂,0
40.0,2019-10-8, 影评昨天晚上看了我和我的祖国，事先看了攀登者，中国机长和祖国这三部电影的评价，祖国的评价最高，豆瓣评分也有8.1分，但电影实际上没有达到预期的期望。七个故事，只有第一个故事前夜让我有所动容，剩下的真是一个不如一个，强行感动，说实话要不是有五星红旗和国歌，这部电影只值6.5分，但是放在七十大庆这个时间点上，就值8分，都给我去看，爱一波国。,0
50.0,2019-10-6,总的说，能激起爱国情怀……但是！杜江一个升旗手加什么噩梦戏，回忆点修钟表漂流过来的华叔和我国外交代表负责人的故事不行么？汶川地震发生我们都很悲痛，但这不能成为孩子强买强卖还理直气壮的理由吧，不是都十三岁了么？还有护航那个不听命令的，你备飞叫你上就上，那么多话和想法，你以为你主席么。至于白昼流星，陈导，半个小时不到你要转变一个品质道德有点障碍的浪子啊？我觉得确实做不到。,0
30.0,2019-10-5,陈凯歌的最次，没逻辑，牵强。其他的都不错～,0
40.0,2019-10-4,最爱《前夜》《北京》《夺冠》 演技，故事性都很棒。最不喜欢《白昼流星》，选角多余，出戏，剧情牵强bug。,0
50.0,2019-10-3,消费爱国热情，侮辱观众智商。,0
40.0,2019-10-3,我觉得《白昼流星》是这七个故事里最烂的一个，故事前后分割太严重。前半段讲的是自我救赎，后半段突然扯到载人航天，强行主旋律。,0
40.0,2019-10-1,电影，是一种商业行为，别动不动就上升高度。,0
50.0,2019-10-1,白昼流星就是拉分的吧，什么玩意,0
50.0,2019-9-30,对于这样的爱国主义教育我全盘接受！10分！刚一家老小看完！10分,0
30.0,2019-9-30,除了第六个故事白昼流星有失水准以外，其他六个故事都很棒。当然了，锅不是刘昊然陈飞宇的，谁的锅谁背。总体感觉，令人热血沸腾，值得一看。祝祖国生日快乐！,0
10.0,2019-9-30,据说满满的泪点，我看完也没觉得这电影哪儿值得哭。除了第二个小故事感人，其它都是生拉硬拽的所谓大时代里的小人物故事，但剧情既缺乏逻辑，又不合常理，强行煽情那种，真的没觉得哪儿值得看哭。,0
40.0,2019-9-30,电影院看春晚？？,0
40.0,2019-9-29,本片通过不同的几个故事梳理了，建国初期至今不同时间段的大事件。每个故事都很有感染力，属于爱国主旋律下的故事电影。真的很感动！！！但是个别演员美国国籍真的有点过分，就电影来说10分，就演员来说7分。,0
30.0,2019-9-29,比想象中好很多，喜欢《你好北京》和《夺冠》这两个故事。,0
40.0,2019-9-29,预告片看的热泪盈眶，可能是对正片期望太高了，感觉每段故事剪的都很厉害，内容不够完整，也许时长问题吧，其实个人感觉七段可以拍成七部电影，每个题材都有一百五十分钟的时间来把每个故事叙述完整的话，我敢说每一部都是催人泪下的好电影，总体感觉还是剪的太厉害了,0
50.0,2019-9-26,大时代印记里小人物的光荣时刻，见证大事件背后的民生故事，7个篇章7位导演，各持风格又丰富饱满，从激动人心到热泪盈眶，从诙谐风趣到感动不已，五味杂陈的体验从表演、角色塑造到情感表达都令人印象深刻。,0
50.0,2019-9-15,看预告片好燃啊！特别是香港回归单元，特别感慨！期待大导们和老戏骨演出，也期待护旗手朱一龙表演啊,0
40.0,2019-9-12,看个预告片看哭了，国产电影从来不缺优质影片，只是好的极好，烂的奇烂。,0
10.0,2019-9-6,必看~不管外国电影多优秀，这部电影也不可不看~,0
10.0,2019-10-26,挺好的，值的一看。但有一个故事不好看，这位导演的老婆是制片人，儿子是主演，如果是一般的商业片哪怕把你家亲戚全安排角色也没意见，但这种国家大片，你这准“歪国”导演不觉得自己恶心吗。扣3分。,0
40.0,2019-10-16,超级难看,0
30.0,2019-10-10,我觉得这就是一个记录片，不应该放在电影院收费，电视就有义务免费传播，不要打爱国主义旗号圈钱,0
50.0,2019-10-10,这个评分需要排除掉白昼流星，陈导还是拍你的无极去吧,0
40.0,2019-10-9,一开始还不错，后面每个故事都挺拖沓。小人物参与历史事件是不错的构想，但总还是觉得生搬硬套，故事相关性也不足，如果不是每个故事最后硬拉回来，完全不知道他想表达什么。最搓火的是，女排、奥运、航天都是特别能吃苦能体现精神的话题，拍的都不是主要参与者，出来的效果感觉莫名其妙，和主旋律差的太远，编剧太弱。另，各个导演风格不同，很容易让人瞬间出戏，真的只是七个小故事拼凑的感觉。,0
30.0,2019-10-7,虽然我们是普通市民，大事与我们不相干，但是我觉得国家荣誉感，名族自豪感应该有，天天网上那些喷子，说哪哪国家好，老美老日他们哪个国家国民没有自豪感，更有优越感，虽然没有像他们发达，但是这70年，进步太大了，值得去看，值得给10分,0
40.0,2019-10-7,一部垃圾电影,0
50.0,2019-10-6,为了表达而牵强附会，故事一般，编剧不够精彩，虽然演员阵容强大，如果没有爱国思想相伴，没有生活阅历，这个剧将会不及格，但是毕竟在十一大背景下，还是完整的把电影看完了，加油！,0
50.0,2019-10-6,看了一边，不想再看第二遍的电影，爱国主义电影咱也不能说不好，反正三部电影《攀登者》我是想看第二遍的，《中国机长》飞机晃来晃去，落地拖时间,0
40.0,2019-10-4,前夜 9分 情节➕演员给力相遇 9分 张译太赞了夺冠 9分 小演员无敌回归 8分 中规中矩奥运 8分 剧情一般 葛大爷还凑合白昼流行 6分 剧情一般 演员一般 导演呵呵护航 10分 情节棒➕佳爷棒➕导演棒➕雷佳音棒,0
50.0,2019-10-4,如果把白昼流星那段掐了，就几乎是完美了,0
40.0,2019-10-2,中国不缺好导演，不缺好演员，缺的还是好故事。《前夜》可谓优秀，节奏快，充分把握了“最后一秒营救”的精髓，也不乏泪点，至少能打80分。《相遇》《回归》《北京你好》过于平淡，《夺冠》《白昼流星》《护航》剧情太奇葩。,0
40.0,2019-10-1,徐峥的《夺冠》最好，如果最后没硬加吴京那段，完成度会更高；《前夜》《回归》拍成长片会更好；《相遇》体现了张一白的算计，找了俩好演员，故事都不用编完整了；《北京你好》《白昼流星》最后强行点题，好好按导演风格重拍个故事都比现在这样好；《护航》除了制作组，编、导、演都搞不清自己在干嘛……不说了，华诞日，大家开心最重要！,0
50.0,2019-10-1,我最喜欢的章节排序：《相遇》、《北京你好》、《夺冠》和《回归》、《前夜》、《护航》、《白昼流星》，其中《白昼流星》与其它章节的水平差很多，可以被称为断崖式下滑。这种主旋律影片，如果不关注小人物的日常生活、不围绕重大的历史事件进程、不具有生活的幽默与辛苦，而只是虚无又尴尬地升华感情，就会成为陈凯歌式地自我陶醉。,0
40.0,2019-10-1,最爱葛大爷的那段，因为他的表演，他就是那个出租车司机，乐呵着把糟心的日子过了。,0
50.0,2019-10-1,白昼流星最烂！,0
50.0,2019-10-1,有国才有家，您强大了，我们就幸福了！随着70年前的今天，毛爷爷说中华人民共和国成立了，我们站起来了！然而7个十年过去了，我们不仅站起来了。先烈们！我们的中国正如你们所愿，可爱的中国已经繁荣富强了！可爱的中国让全世界钦佩了！可爱的中国所向披靡！我是中国人，我很自豪！今天是您的生日，我的祖国！祝福您越来越强大！我爱您，中国！！！,0
40.0,2019-10-1,因为有7本，7位导演，风格迥异。很明显，北京你好，夺冠和护航都有商业片的受市场欢迎的元素存在，戏剧冲突也是表现得最好的。但其他几本内容上却是不可匹敌的高格局，高角度。尤其是观看性最为弱的相遇，其中更突显了国家与个人小家的抉择（无问东西）是一个非常深刻的话题。在写实和夸张的技法之间，每个导演都有自己的表现选择。我的祖国很伟大，对此我很自豪。满分是因为我爱我的国家。,0
50.0,2019-9-30,要不是因为白昼流星这一段，就给九分了。家国情怀，时代大背景下的小人物，叩击心灵。,0
50.0,2019-9-30,白昼流行是来凑数的么？,0
40.0,2019-9-30,七个故事还是有优劣的，客观讲白昼流星有点儿不知所云，把航天和扶贫结合在一起的想法看似很好，但拍出来不是那东西啊，感觉都想说还都没说明白，这段还是比较失败的吧。别的部分感觉都挺好的。,0
50.0,2019-9-30,前夜/相遇/北京你好算是上乘之作，夺冠/回归/护航优缺点都很明显，白昼流星画面很好，但故事是有问题的。,0
50.0,2019-9-30,硬核10分，不碰不吹，看完之后，你会真切的感受到祖国母亲坚实而温柔的臂弯，无数前人奋斗与牺牲，一滴滴坚定的汗水，一滴滴激动的泪水，都有太多的信念和忠诚。感谢这个时代，这个下的中国。极度推荐去看，让我们微小的情感和伟大的祖国交织在一起，虽然你的烦恼，还是你的烦恼。,0
50.0,2019-9-30,祖国是什么？祖国是我们共同成长的这片热土！祖国是我们共有拥有的中华文明！祖国是每当国旗升起时的热泪盈眶！,0
30.0,2019-9-29,中华人民共和国万岁,0
40.0,2019-9-15,为什么不显示评分,0
50.0,2019-9-7,回归那个预告片看哭😭我也不知道为什么,0
50.0,2019-9-4,天呐预告片都把我看哭了。,0
30.0,2019-10-14,进行爱国主义教育为什么不免费观看，爱国也得用钱啊,0
40.0,2019-10-13,可悲的假票房，到处都在刷票,0
40.0,2019-10-10,完全看不出这片的高分点在哪..,0
30.0,2019-10-10,就数陈凯歌那段儿烂！要节奏没节奏 要镜头没镜头   葛大爷依然自带哏儿范儿！ 女飞行员绝逼帅！我一定要考个驾照去！,0
30.0,2019-10-10,喜欢徐峥的夺冠，看得很愉快；最可爱的演员是冬冬；最没感觉的，是白昼流星。。从导演的水平来说，总体来说比较平庸。,0
40.0,2019-10-10,要不是国庆70周年，这部电影分数根本高不起来。除了第一个故事不错，后面的一个比一个弱。特别是白昼流星，那是什么？尬插尬演。,0
50.0,2019-10-10,很显然陈凯歌导演已经脱离祖国的具体生活太多时间了，既不懂政策，也不懂生活。,0
50.0,2019-10-7,由几个故事串起的电影：1.国旗升起装置，2.原核爆炸无名者，3.观看女排夺冠，5.香港准时回归，6.奥运与汶川，7.神州11降落回收，8.飞演女性备选者。ps：喜欢5 6,0
40.0,2019-10-6,白夜流星中的一个场景，让我想起悲惨世界中的”让”在出狱后偷了神父家仅有的银器那一段，几乎是一模一样的啊！你们还记得吗？,0
40.0,2019-10-6,陈凯歌简直是被拉出来吊打……严重拉低平均分啊,0
50.0,2019-10-6,七个故事，最喜欢的还是“前夜”；“夺冠”少了最后访谈会更好；“相遇”太苦，高远轻轻的一个点头，让人动容。“护航”拍出了自信。“白昼”很好的故事片，可惜有限时间里放的东西太多，不适合。“北京欢迎你”葛优最后的欢呼太假。“回归”更吸引我的是惠英红0点统一换警徽。,0
30.0,2019-10-6,这么庞大的导演阵容，导出拍片子，啥都没有，前几个还行，后几个故事感觉不知道再讲啥，说贴近老百姓，哪个贴近了，都感觉在讲一堆不现实的故事，后面几个故事瞬间拉低全片，打着爱国捞钱的片子,0
40.0,2019-10-6,广场天空那醉人的鲜艳，是我万无一失的诺言。戈壁滩外那眩目的烈焰，写满无名者的眷恋。三十年后重逢的笑脸，我又想起分别那天。回归日又一次重复的表演，只为无法辜负的分秒不让的谈判。奥运盛会举世瞩目的夜晚，有无数劳动者忘我无私的奉献。白昼流星划过天边的瞬间，给我重新树起自立的信念。阅兵场接受检阅的伙伴，载着我倔强的不甘和衷心的祝愿。这就是我最亲爱的祖国，这就是汇成祖国的千万个你我。,0
40.0,2019-10-6,夺冠=白昼流星>前夜=北京你好>回归=护航>相遇诚意之作！,0
40.0,2019-10-6,看这片太过瘾了，一口气看了新中国成立以后的七个精彩瞬间，没有乱七八糟的流量明星，却有一堆我喜欢的导演和演员，就连两任余淮都很认真敬业；我渤哥演喜剧和正剧都很棒；如果没有张译的演技撑着，鬼知道张一白会把相遇拍成什么样；冬冬也让人太惊喜了吧，别说徐峥了，我坐在大银幕前面都想跟着他嚎啕大哭了，夺冠篇章演技最好的演员没有之一；宁浩和葛大爷的组合还有这么神奇的化学反应，葛大爷不愧是葛大爷；小宋佳真飒，差点儿被帅弯,0
50.0,2019-10-6,聚焦时代变革中的普通人，选点很有新意也具有感染力，新派主旋律值得这样的票房。,0
50.0,2019-10-6,国庆观影第二弹~观影前各路影评一片叫好，看过后果然优秀，从普通人入手，不刻意煽情却处处感人。第一个故事《前夜》起就引人入胜，后面的个个精彩，尤以《夺冠》和《北京你好》为最佳，就算槽点最多的《白昼流星》，也贡献了最美的风光。也不能说陈导水平低，毕竟作为总导演整个电影的构架和衔接也很见功底。片中配乐也很到位，无论是爱国主题，还是《东方之珠》《北京北京》都能引起共鸣。演员们就不说了，集合了全中国最会演戏的人，吹就完事儿了~,0
30.0,2019-10-5,白昼流星拍的是个啥啊,0
40.0,2019-10-5,白昼流星扣两分,0
40.0,2019-10-5,第一第二第三个故事很不错，尤其是第一个黄渤的那个，眼泪是忍不住的就出来，自豪感也是忍不住的溢出来。败笔在陈凯歌拍的白昼流星，太扯了，逻辑上有硬伤，让人没办法进入剧情最后那个飞行员的故事有点简单，中规中矩。总的来说，可以给到7分往上。,0
50.0,2019-10-4,7段故事，哭了七次，我不知道为什么那么感动，就是忍不住。每一段都给我各种的感动，泪点太低了，非常好看的电影。每一个人物都是那么的真实，那么有正能量，国庆必看。,0
40.0,2019-10-4,抛开爱国只谈影片。全篇那么多名导名演，7个故事，前两个很不错，亮点很多，但全篇却是高开低走，一个故事比一个故事弱！特别是白昼流星，这是陈凯歌给自家儿子开小灶的么？还有放到飞行员护航回来相互敬礼时，十岁的儿子问：为啥飞行员都要耍帅呢？我只有说：一个普通兵全身装备不过几千，飞行员起码几个亿，该他们拽……,0
50.0,2019-10-4,看完之后真的很感动 因为是中国人而骄傲🇨🇳🇨🇳每一个故事都很精彩！！,0
50.0,2019-10-4,开场十分钟泪水就在眼圈里打转，当老百姓涌入院子，拿来家里的金银铜铁，热切的想要献出自己的一份力的时候，我的心里只有四个字——众志成城。国家的稳定与繁荣，离不开每一位革命先烈和老百姓的努力。我们每个人都心系国家，为中华民族的伟大复兴奉献自己。我们的人民万岁！祖国万岁！,0
40.0,2019-10-3,要是能每个片段单独打分就好了(´･ω･`)徐峥是个鬼才，文牧野的剪辑非常出彩，葛大爷又一次诠释了你大爷永远是你大爷，陈凯歌……不提也罢……,0
40.0,2019-10-3,你好北京最好  幽默风趣  有里有面  白昼流星最差  漏洞百出 强行顿悟,0
40.0,2019-10-3,恭祝祖国70周年生日快乐！再来说说这个电影，用力过猛！唉！真是一件可惜的事情！导致想哭哭不出来啊！我唯一的泪点是毛主席宣布新中国成立的原声。东东得知小美要走的反应过于程式化了，我想起《一一》里洋洋自然真挚的表情...影片里几乎全部的角色都有这个问题——太过舞台化，失去了真实感。搞得我像在看春晚小品。稍好一些的只有管虎和葛优。可能这种春晚风格是为了照顾没什么观影基础的群众吧，也算是不容易...（要是杨德昌来导就好了）,0
40.0,2019-10-3,比较排名这些导演没啥意思啦，因为这部主旋律电影第一次落地到了具体一个个人在这70年岁月里的经历，而且能够深深打动到观众，真的不容易啊,0
50.0,2019-10-3,个人心中排位，白昼流星>北京你好>前夜>夺冠>相遇>回归>护航。白昼流星很诗意，浪漫，寓意深长，1帮扶不是一味的给予，要学会自己站立起来，2当代青年的信念与理想，该以谁为偶像？指引你前行的流星绝对不是所谓的娱乐明星。大家比较诟病的是两个野孩子怎么能近距离接触宇航员，还有就是为了一句“要让它自己站起来”而强行加入的小羊，显得比较突兀，但是瑕不掩瑜。,0
50.0,2019-10-3,岁月可能会侵蚀掉花岗岩，却无法抹去令人难忘的记忆，七个短片带我们从小人物的视角回到那些中国最难忘的瞬间，并没有想象中那么严肃，全明星的阵容果然是坚如磐石，看得既激动又感动，中国人不是没有信仰，祖国就是我们心中永远的信仰！,0
50.0,2019-10-2,曾经以为30岁很遥远，看电影发现北京奥运会那年我18岁，也是很久之前的事了。时光好不经用，抬眼，已是半生。  ​​​,0
40.0,2019-10-2,我知道批评的话不该说～可是，这片子的感觉就像是给了个命题的小品大串联。也有感动，也有回忆，也有泪水欢笑什么的，可如果不是因为遇上了国庆，真的也……就那样了。,0
40.0,2019-10-2,好的地方，很多人说了。我认为最不好的部分就是小女孩爬上那么高的烟囱，最后还真的跳了下去！这对国庆档举家看片的我，极为震撼！太恶劣了，得教坏多少孩子。还有打架，被导演拍成了英雄行为。怎么过的审查啊,0
40.0,2019-10-2,总的来讲，比起以前的 大业类电影有不少的进步，人物更加贴近生活，黄渤的表演很到位，特别是女排那一段真的很感人；原子弹那一段，感觉故事过于单薄，代入感不强，特别要吐槽的是神舟飞船那一段，太不符合现实了，两个小年轻能够这样近距离的接触航天员？这个我想应该是常识吧，而且思想转变太快了，这一段个人觉得是整部影片的败笔。还有为什么没有王菲歌曲的完整版呢？,0
40.0,2019-10-2,每当这个时候导演之间的水平差距就还看得挺明显的，坏猴子的三个人发挥都可以，当那些大事件重现在眼前是还是免不了内心澎湃激动，喜欢小男孩哭着跟爸爸抱怨天线、Madam听到国歌后的敬礼脱帽换帽徽、葛大爷随着奥运倒数逐渐张扬的笑脸，那是大环境下小人物的真实模样。P.S.听惠英红任达华讲着粤语演戏真的很舒适（就是那段磨皮过度啦~）。,0
40.0,2019-10-2,我和我的祖國，7個故事按照我的喜歡程度排序大概是：北京你好＞奪冠＞前夜＞白晝流星＞迴歸＞護航＞相遇,0
50.0,2019-10-2,其实最喜欢葛优演的那个，妥妥的京味儿！,0
40.0,2019-10-2,评分很难客观吧水平也不平均 首先太长了后边两个看的就有点疲惫了 另外谁说中国不缺好导演 缺呢 至少这部片子是对上一代导演们的成功碾压吧 不管技术怎么变会讲故事永远是基本功 印象深刻的是黄渤和弄堂的那个 张译和葛大爷那个纯粹是演得好 剩下的就一地鸡毛狗尾续貂了吧 千古不变的真理就是 有好东西千万别天天臭显摆 哈哈哈,0
30.0,2019-10-2,精彩的春晚小品剧集，最喜欢《回归》，自然内敛不刻意。,0
30.0,2019-10-2,和爸妈一起看的，挺一般，只有第一个故事还行，有两个故事生硬拼凑的。后半段好些小孩都坐不住了，一会出去一两个，影响观影。陈凯歌的最差,0
40.0,2019-10-2,今天和姥爷，姥姥，妈妈，二姨，弟弟一家人在国庆节当天观看了这部电影，感觉总体情怀是好的，看着也挺激动。但故事性稍差了些，就夺冠和护航两个篇章看起来不错。白昼流星有点假:宇航员降落是国家机密，一个村支书能知道具体地点？就算知道了也不能让平民百姓随意接触宇航员。,0
40.0,2019-10-1,首先祝祖国母亲生日快乐。影片给人的感觉就好像是老师布置了一个主题，然后大家把自己写好的作文交上来。,0
50.0,2019-10-1,艺高人胆大，七位导演拓宽了主旋律献礼片的边界，各有特色。《前夜》节奏干脆，稳定开局，不失幽默；《相遇》细腻抓人，公交车内外两个故事空间设计巧妙；《夺冠》童趣搞怪，亲和力强，机灵抖得好；《回归》原本最期待，可惜铺陈平淡，主题先行；《北京你好》宁式幽默，既有疯狂也有温情反转；《白昼流星》居然是最满意的一部，如同本片的大脑和灵魂，现实主义向浪漫主义的升华，意象丰富；《护航》叙事性相对弱，发挥空间如机舱般少，温吞水。,0
50.0,2019-10-1,1、感觉把一辈子的眼泪都流光了2、迄今为止出完字幕都没人离场的电影,0
50.0,2019-10-1,《我爱我的祖国》近三个小时的正能量。在这七个从共和国升起第一面五星红旗，毛泽东主席向世界庄严宣告:中华人民共和国成立了。那一刻起至今，祖国的成长历程，小人物，代表性强，历史性节点强，事件震撼，正能量满满。,0
50.0,2019-10-1,今年国庆档最适合带父母来看的电影没有之一！我爸看电影唯一一次没有睡着的场次😎前夜 回归 护航 是我比较喜欢的故事，哭了好几次，在国家大爱面前很难不动情，爱是种力量，凝聚成我们的小家，小家凝聚成我们的国家，庆祝祖国母亲70华诞，愿永远富强充满生机！,0
50.0,2019-10-1,不再是一味地标榜彰显伟人功绩，而是从普通人的视角展现国家历史上的重要成就！从没想过开国大典上的旗杆也凝结着如此多的心血。香港回归时的分秒必争、护航中的飒爽英姿、相遇之中的无名英雄，每一个故事都不禁让人潸然泪下。命题作文其实最难做，不仅要切题，还要让观众有共鸣更是难上加难，而这部影片做到了。7个小故事也展现了7位导演各自的独特风格。imax观影效果非常棒！画面、声音、色彩都非常惊艳！,0
50.0,2019-10-1,我和我的祖国👍👍👍👍,0
50.0,2019-9-30,两个半小时的电影，迟到了一个半小时，从香港回归那个故事看起，一直哭到结尾，都不错，演员导演故事都不错，很燃！,0
50.0,2019-9-30,最感动《相遇》，最有意思《夺冠》，葛大爷还是承包笑点，最帅《护航》，女人帅起来真没男人什么事。陈导那段，虽然有刘昊然和陈飞宇，但是确实不懂啊。看预告片的时候就感动的一塌糊涂的，所以观影的时候还是控制了一下情绪。结束后才发现爷爷辈的观众有点儿多。最后大家一起唱《我和我的祖国》，气氛太好了。,0
40.0,2019-9-30,陈凯歌那个故事确实是里面最弱的一个，拉低平均分！,0
40.0,2019-9-30,七个故事里最喜欢的反而是时间离我最远的《前夜》最失望的居然是身为总导演的陈凯歌，但好在摄影不错也算是将功补过吧。葛优黄渤那些老演员演技真是非常自然。最后，IMAX的观影体验是目前来说看电影的首选,0
50.0,2019-9-30,永远年轻，永远感动，永远热泪盈眶,0
40.0,2019-9-30,《回归》好于《前夜》好于《白昼流星》好于《夺冠》好于《护航》好于《北京你好》好于《相遇》,0
50.0,2019-9-25,我和我滴祖国，一刻也不能分割！,0
50.0,2019-9-22,感觉这片真能不错，看片花也能让我小激动一下！没看过，先给个高分！,0
50.0,2019-9-17,预告片都看哭了 好期待,0
50.0,2019-9-17,预告片看哭,0
50.0,2019-9-13,看完预告片 一定会带着与共和国同龄的母亲去看看 我们不是生活在和平的年代 我们只是生活在和平的国家 经历过无数个苦难 我们厚积薄发 祝祖国繁荣昌盛 预祝票房大卖,0
50.0,2019-9-10,看了7个预告，意外的觉得这次质量还挺高的，而且类似这样的主旋律爱国题材的电影也学会开始讲故事了，实在难得！,0
50.0,2019-8-24,白天看阅兵，晚上看电影！！PS:祖国历经70年的风风雨雨，时至今日如此强大，抱歉让某些人失望了！！难道你们失落的样子，我非常高兴！！,0
10.0,2019-8-16,陈凯歌以前的霸王别姬是不是别人帮他拍的？,0
40.0,2019-10-28,和老婆一起看，各位导演的命题作文还是不错的。,0
50.0,2019-10-28,爱国片 10分 我就是爱国 你能把我怎么地,0
30.0,2019-10-27,对不起，一看见导演是陈凯歌，我就没了兴趣，对不起,0
40.0,2019-10-26,葛优演的最好，陈凯歌导演的不知道啥意思,0
40.0,2019-10-25,套用我合唱老师邓启亮教授的话，歌唱家每个人都唱得很好听，但是把很多歌唱家安排在一起大合唱，那就不行了！故事都是好故事，导演都是好导演，但是，只给每个导演这一点点时间，让每个导演说个故事，结果就是每个故事都意犹未尽，也没有个坚挺的主线能把这么多故事都串起来，整体让观众感觉到了松散！好在还有个国庆70周年的碗，再怎么松散，也没有溢出这个碗，总算也是应景了！,0
40.0,2019-10-23,虽然几个故事的选材并不出彩，好在十分紧凑，人物塑造都十分成功，集合了中国最出色的演员，表演也是没话说，是一部完成度很高的电影，不过，这得除了陈凯歌那段……,0
40.0,2019-10-21,祖国大爱面前，个人小爱是否可以忽略不计？,0
50.0,2019-10-17,这是最值得看的一部电影，几个不为大众所知的故事，让我们了解了新中国成立以来，每一次重大突破背后，那些默默无闻奉献在一线的英雄们，很震撼！,0
40.0,2019-10-15,7个故事中，个人觉得张译、任达华、惠英红这3人演得很好。,0
50.0,2019-10-14,个人感觉前夜、相遇、护航、回归、北京都灰常好，最最让我觉得郁闷的是白昼，陈导演第一好像在炫他的拍摄技巧，其实最需要的是朴实，而不是炫个人的导演技术；第二是完全是在捧自己的儿子，从他儿子的角度来讲，这里面有2个套不符合逻辑的地方，故事是2016年，杨利伟是2003年（护航中女主洗头看电视有），难道这2个男主是穿越了，还有抬宇航员的工作人员居然脚扭了，连人都没有得换，2个有前科的居然冲上去就抬了，这是啥啊。太拉低智商了,0
50.0,2019-10-13,陈凯歌那段去掉满分,0
50.0,2019-10-12,任素汐演技太好了，就她一个人讲故事，就让人泪流满面。为了国家，舍小家，家国情怀。,0
30.0,2019-10-11,时间太长了，2小时真的已经极限了！7个导演小片段组成，徐峥的女排印象最深刻，好笑，都又能让你感动，第二是最后一个片段备飞，第三是第一个片段前夜。故事都是好故事，但总感觉缺点什么，达不到那个点！,0
40.0,2019-10-11,"没有原本想象中那么主旋律，大多都是小人物小事件，但却也能让人感动落泪，看来还是老了啊，太容易被感动到了。。。╮(￣▽￣"")╭   前夜最好，白昼最差。夺冠要是停留在小时候就好了，最后真是画蛇添足。另外最喜欢相遇所展现的内容，共和国历史上还有有太多太多默默无闻牺牲了的没有姓名的小人物，而他们也是不该被忘记的大英雄。。。",0
50.0,2019-10-10,传神刻画出不同时代背景不同人物在大事件为衬托下的小故事，深入内心的感动!推荐观看！,0
30.0,2019-10-10,其实比较一般吧，更多的是一种爱国情怀促使大家去看。,0
30.0,2019-10-10,打的爱国牌 单剧情来说槽点太多,0
40.0,2019-10-10,除了陈大导的那段，其他都很棒，热泪迎眶,0
50.0,2019-10-10,最喜欢里面的新中国成立，香港回归和北京奥运这三个故事，叙事和情感的把握都很戳到我，其次是备飞女飞行员、核弹无名英雄、女排三连冠，最后觉得莫名的是白昼流星，能看懂想要表达的主题和精神，但是脱贫致富领头人生重病咳出血、包容理解引导犯错青年浪子回头这种桥段的应用还是显得老套了，至少明显比同片的其他小故事的情感点燃差一截。,0
40.0,2019-10-9,黄渤，徐峥，宁浩的还是那么棒,0
50.0,2019-10-8,“我和我的祖国，一刻也不能分割，尤其是海外的游子、华侨更有感同深处，无论我走到哪里，都流出一首赞歌。”只要一听到《我和我的祖国》这首歌，我就会精神振奋、热血沸腾，被这种爱国的情感所感染。当我得知作为献礼建国七十周年的一部电影也叫《我和我的祖国》时，便以“饥望炊烟眼欲穿”的心情在等待着这部电影上映。,0
50.0,2019-10-8,我爱我的祖国 我的祖国如此的强大 太高了 我真的很爱我的祖国 祖国太牛了  我都用语言无法形容了我爱我的祖国 我的祖国如此的强大 太高了 我真的很爱我的祖国 祖国太牛了  我都用语言无法形容了我爱我的祖国 我的祖国如此的强大 太高了 我真的很爱我的祖国 祖国太牛了  我都用语言无法形容了我爱我的祖国 我的祖国如此的强大 太高了 我真的很爱我的祖国 祖国太牛了  我都用语言无法形容了我爱我的祖国 ,0
10.0,2019-10-8,情感扭曲术，不是艺术。,0
30.0,2019-10-8,191008 只有第一段新中国建立有感觉，其它无感,0
40.0,2019-10-7,作为主旋律电影，在70年大庆之际，还是相当应景的，激发起了大家朴素的爱国情怀，也重温了每个历史节点的那段难忘的历史，而且每个故事都从小切口切入，虽然主旋律，但不枯燥，相比前几年那些十一档战争题材的电影来说，这部创新的地方还是很多的。但个人感觉，这么多导演参与，只有宁浩和张一白拍出了自己的风格，其他的没有自己的风格，宁浩对于剧本节奏的控制以及张一白对于长镜头的运用，都能在片段中找到影子，其他的中规中矩。,0
30.0,2019-10-7,我说我没看完，你们信吗,0
40.0,2019-10-7,《前夜》《相遇》《夺冠》《奥运》这几个故事很喜欢。《白昼流星》实在无法get到立意。这会儿看《回归》真是百感交集。超喜欢黄渤，张译和惠英红的表演♥ ,0
10.0,2019-10-7,期待很高，看完以后后悔了,0
40.0,2019-10-7,对祖国，关起门来，我们尽可发发牢骚，那是因为我们对她有所期待；可一旦走出去，我们则必须满怀热爱，因为她是孕育我们的母亲，是我们的尊严与后盾。七位导演的表现：管虎的镜头语言最纯熟，宁浩的京味儿喜剧最精妙，徐峥的女排直播最热血，张一白的舍己为国最动人，陈凯歌的白昼流星寓意最深刻，薛晓路的主权交接最平庸，文牧野的护航故事最单薄。,0
50.0,2019-10-7,白昼流星，两个不知哪冒出来的小子能近得了刚落地宇航员的身？虽说电影可以虚构，但这也太特么扯了！,0
50.0,2019-10-6,好看，最喜欢的是前夜和香港回归两个故事，白昼流行有点没看懂，宇航员落地能让两个群众上前有点不太现实,0
40.0,2019-10-6,第二个故事流泪了！,0
50.0,2019-10-6,七个故事除去“白昼流星”其他都不错！最喜欢“夺冠”！白昼流星根本拉低了整个片子的评分！想给9分的我...只能够给8分了！,0
40.0,2019-10-6,听到这个旋律内心都会被触动,0
50.0,2019-10-6,七个故事质量参差不齐，拉低了上限。北京你好和前夜不错。白昼流星很烂，剩下的四个故事中规中矩。篇幅太短缺乏铺垫没有很好的引起共鸣。会成为爆款但注定不会是经典。,0
40.0,2019-10-5,《前夜》看得很紧张；《相遇》泪奔；《夺冠》感动+搞笑；《回归》很庄重严肃；《北京你好》很搞笑；《白昼流星》拍得象白开水，有用，但没味道；《护航》情节单薄，回忆与现实穿插得太硬。总体来讲，管虎、张一白、徐峥、薛晓璐、宁浩，可以打9~10分，文牧野8分，陈凯歌打7分。,0
50.0,2019-10-5,唯一一个带纸巾的人却没有流泪，虎头蛇尾，确实后面两个故事感染力不足~越是建国初期的人，牺牲越是大。每个时代都有每个时代的使命，不忘初心，牢记使命！感恩前行！,0
40.0,2019-10-5,太感人了，看得我热血沸腾！谢谢为祖国付出的所有人！我爱你中国🇨🇳,0
50.0,2019-10-5,Ballball凯哥导演不要再拍片了,0
40.0,2019-10-5,后面的故事格局太小，与反应的时代故事无大关联，有点杂乱无章,0
40.0,2019-10-5,给个排名1《北京你好》:爱国口号最不明显，有点感人，2《白昼流星》:把爱国和青年性格的转化结合的不错，而且主题明确。3《夺冠》：没有长大后的部分绝对是排第一，可惜长大部分太生硬和油腻。4《护航》：没有啥好的也没有不好的，是年轻导演的风格。5《前夜》：略显生硬，爱国元素铺的太满。6《回归》：太过平淡，两条线展开的也一般，也没有明确的交际，非常平庸。7《相遇》：最生拉硬凑的故事，在开头和结尾加上主题，然后中间说一个故事。,0
10.0,2019-10-5,就陈凯歌故事感觉硬插、怎么可能有游牧民靠近？前夜，原子弹，女排，北京奥运。各个故事让人流下眼泪。为无私奉献的每一个人留下敬佩的热泪，为是生为中国人而自豪流泪。,0
40.0,2019-10-5,刷新了我对中国导演的认知，我们也许无知但是也不是傻子！,0
40.0,2019-10-4,陈凯歌居然最差，徐峥惊喜。,0
40.0,2019-10-4,最俗的做法就是比较7个短片孰优孰劣。我就谈下整体的感觉：用不同材质的笔来书法时代串起了各个故事，用时间先后顺序来排列，无谓导演资历。几个故事都用小人物来抒发大情怀，有闪光点，也有小小瑕疵（任素汐表现一般、升旗元素重复），总体没有刻意煽情，这就是成功的。最后花絮彩蛋还不忘植入华为手机，棒棒哒,0
10.0,2019-10-4,每个导演都用力过猛，导致片子看的很费神，最后出来很累。影片时间太长。最后串联起来收个尾就好了。,0
40.0,2019-10-4,虚无,0
40.0,2019-10-3,《相遇》的相遇戏极好，如果煽情段落再短点就更好了。《夺冠》和《你好北京》讨巧，《前夜》相对平庸，《回归》和《护航》可能是题材的原因，拍得特别浅特别扁平。至于《白昼流星》，格局宏大画面壮美，可惜拍拉垮了，整片没能立起来，而且这种意识流文艺范儿放献礼片里确实风格不搭。其实给这部电影评分感觉没啥意义，因为主观情感上的接受度实在太高太高了。,0
50.0,2019-10-3,7个故事质量参差不齐，葛优仅凭自己的演技就能撑起并不新奇的故事，徐峥乒乓懵懂爱情+女排夺冠+修电视笑点也很有新意，佟丽娅真的美。。黄渤蜜汁方言，陈凯歌问题少年硬尬神州飞船，原子弹这段算什么鬼。。总体8分,0
40.0,2019-10-3,只选取一点看面，从平凡感受伟大，如涓涓细流诉说大江大河。如果说一点就是对陈凯歌不是很满意,0
40.0,2019-10-3,内蒙人看完很不高兴！！！“神舟落地”故事，演的是新疆、风景是新疆、说话口音是新疆，最后却说是内蒙古中部。草原呢？我们的大草原呢？这部分的导演糊弄我们呢？,0
40.0,2019-10-3,公开处刑现场，高下立见,0
40.0,2019-10-3,本来国庆三大档最不想看的就是这一部，接下来被各种安利以及广告宣传的，看完之后，真香，差点老泪纵横。。(同比于攀登者）。演员就不用说了，导演也一次性让观众们看个够，7位导演，孰优孰劣大家各自看的角度不同，经历不同，争论无意义。个人最喜欢的确是这个白昼流星。。。当一个人在漂的时候才是最危险的时刻；一旦有了一个心安的地方，那才是他走下去的意义。定能生慧。。送给自己以及广大的timer,0
50.0,2019-10-3,是很好看，故事很好，情节细腻，如果是免费观影的话传播的思想和意义就更大……,0
50.0,2019-10-3,除了吴京有点出戏，其他都完美,0
40.0,2019-10-3,内地导演们证明只要他们愿意放下身段，他们对内地观众的需求掌握远非香港导演能比，特别是这种特殊题材。至于陈凯歌那段，他的意思我大概明白了，但写实与写意融合的太差了，两者按一九比例分最好，谁占大头都成，偏偏搞个四六，结果不伦不类……,0
50.0,2019-10-3,都是新中国的记忆，非常好，陈凯歌的那部有点怪异。徐峥和宁浩拍的最有趣。,0
50.0,2019-10-3,一会儿让我哭，一会儿让我笑，真的好难受。其实没有太刻意的催泪，渲染恰到好处，只是当为祖国庆生具体到不同时代的一个个“平凡而又伟大”的小人物的付出和奉献，以及真心的自豪与喜悦时，那种感情是直击人心的。不愧是“我”和“我的祖国”，这是无数个“我”的故事,0
10.0,2019-10-3,跟《建国大业》没得比…不咋滴！,0
50.0,2019-10-3,很好看 数度热泪盈眶,0
50.0,2019-10-3,七个故事非常好的点题，这是许多平凡的我和我的祖国之间的故事，在这里看到了平凡人心中的那份责任感。极少部分情节用力过猛，但总体配得上9分。,0
40.0,2019-10-3,CGV影城Biz Class，比一般的挺稍微高档一点点，是独立沙发。右边👉🏻一个十多岁的大朋友带着一个五六岁的小朋友，小朋友全程动来动去，要么站着要么躺着，要么大声讲话。我就全程看你表演呗。前面一对五六十岁的老夫妻，妻子烫了一个你们都懂的那种大蓬蓬头，全程直着身子看，两口子还一路津津有味的讨论，我就全程看你的头发呗。都9102年了，基本的观影素质还是多多少少提高一点吧。,0
40.0,2019-10-3,就像作文比赛一样，每个导演的水平高下立判，比如陈凯歌用力太猛了,0
40.0,2019-10-3,我和我的祖国这部电影呢！国旗旗杆的修复者故事和原子弹工程师的故事，还有香港零点准点回归的故事很感人，后面的护航故事中的宋佳在现实中在一次训练中不幸牺牲了，可惜电影没有演绎出来，上海，内蒙古和北京的故事演绎的成分太浓了，但还是值得一看的。[强][强][强],0
40.0,2019-10-2,除了陈凯歌的《白昼流星》相对比较差劲，生硬。其他的6部水准都还不错。我个人最喜欢《前夜》和葛大爷主演的《北京你好》。,0
40.0,2019-10-2,带老妈看的IMAX,0
50.0,2019-10-2,全满分，祝愿祖国繁荣昌盛！,0
50.0,2019-10-2,主旋律电影应该怎么拍？怎么能拍得进入人心？这个电影开了一扇窗,0
50.0,2019-10-2,9月28号看的点映。电影非常好看！看得人热血沸腾！心潮澎湃！原子弹那一段让人好心痛……感谢那些为祖国的繁荣昌盛默默奉献的人！祝福祖国越来越强大、昌盛！,0
40.0,2019-10-2,实名吐槽夺冠和白昼流星,0
40.0,2019-10-2,超出预期。张一白和陈凯歌拉低了水准，不然会更高分~,0
40.0,2019-10-2,可能会成为凯歌总导演最近几年票房口碑双丰收的作品了，当然白昼流星还是失败的。滴滴，顺风车！,0
40.0,2019-10-2,除了白昼流星，其他几部分的导演都完美完成了任务！,0
30.0,2019-10-2,坦白讲一般，除了第一个黄渤的故事还有看点，其他的都没啥意思，情节设计有点反人性，感觉不真实,0
50.0,2019-10-2,大气，细节到位，真不错，陈凯歌这回亮了。,0
30.0,2019-10-2,剧本太差,0
50.0,2019-10-2,从头哭到尾，感动到升华。感觉自己爱国情感又上新台阶ƪ(˘⌣˘)ʃ,0
40.0,2019-10-2,没有达到心理预期…,0
30.0,2019-10-2,集结了中国这么多大导演和演员，但是很遗憾的没有处理好剧本和剪辑，对于70周年这么盛大的纪念日，我认为没有一段是及格的,0
50.0,2019-10-2,骄傲，自豪,0
40.0,2019-10-1,用力过猛，或许是题材限制，同样是短片，陈凯歌少了十分钟年华老去里那样的精气神。在大荧幕上看到这个还是挺尴尬的，上升了高度，可是没有下降到一般人。行为动机不明的核武器开发员，小偷遇到将死的老领导，红桃2，知道有故障而不上报的，紧要关头出来解决问题的女飞行员。这些烂大街的段子，拼凑成一部我和我的祖国，然后就没有然后了。是的，伟大的祖国经历了许多历史上重要的节点，一步步走向繁荣富强。但是整部影片里看到的还是段子，没有灵魂。,0
50.0,2019-10-1,爱国主义题材的影片没有一句政治口号，而是用大时代下一个个小人物的故事一次次戳中泪点，这种构思和手法就值得高分。,0
50.0,2019-10-1,大时代背景下小人物的故事，融入在时代洪流之中，每个人都微不足道，每个人都非常重要。其实这个国家哪有什么惊天动地的大事件呢？所有的大事件都是无数个小事情的组合，默默无闻的芸芸众生，凝聚在一起才是一个时代的力量，而这个纽带就是祖国。七个故事风格各异，有欢乐有文艺有专注有抒情，搭在一起却因为共同的主题异常和谐。其实我们可以拍出好电影，只要好好讲故事就可以了。,0
50.0,2019-10-1,电影分成多个小故事的形式，单从贴合电影主题来说，我觉得《前夜》是最好的，从演技来说《北京你好》，葛优大爷这真是活灵活现的北京爷们，有内味！当然张一白的《相遇》也很感人，无声处动人心，《夺冠》《回归》《护航》都感觉略有瑕疵吧，《白昼流星》转折的太快太突兀，有点遗憾吧,0
40.0,2019-10-1,陈凯歌文牧野拖了后腿……,0
30.0,2019-10-1,本来可以十分，白昼愣是看我的无奈的笑了，宇航员刚出仓门是不能随便与外界人员接触的，突然出现两个野孩子，还去抬人家车？这是什么逻辑。。。老田吐了口血就没了？身体还不如受辐射的工作人员？不至于吧？陈导这是什么逻辑？,0
